membership_record_id,market,universe_id,source_pool_label,frequency,source_display_rank,ticker,company,sector_or_business_group,selection_reference_date,source_snapshot_date,source_estimated_cap_usd,source_cap_jpy,selection_status,selection_fixed_at_utc,primary_source_url,additional_source_url,limitations
1,US,existing_25,existing_25,daily_and_5m,,NVDA,NVIDIA Corporation,Semiconductors,,2026-10-03,,,USER_CONFIRMED_FROZEN_NO_RESELECTION,2026-10-03T12:57:28Z,https://investor.nvidia.com/news/press-release-details/2026/NVIDIA-Announces-Financial-Results-for-Fourth-Quarter-and-Fiscal-2026/,,"Membership is fixed by explicit user choice. Do not automatically replace members after later rank corrections or data-quality findings. Present-day basket selection retains retrospective selection and survivorship bias. Source notes: GPUs, accelerated computing and data-center chip platforms"
2,US,existing_25,existing_25,daily_and_5m,,AVGO,Broadcom Inc.,Semiconductors / infrastructure software,,2026-10-03,,,USER_CONFIRMED_FROZEN_NO_RESELECTION,2026-10-03T12:57:28Z,https://investors.broadcom.com/news-releases/news-release-details/broadcom-inc-announces-fourth-quarter-and-fiscal-year-2025,,Membership is fixed by explicit user choice. Do not automatically replace members after later rank corrections or data-quality findings. Present-day basket selection retains retrospective selection and survivorship bias. Source notes: Semiconductor solutions and infrastructure software
3,US,existing_25,existing_25,daily_and_5m,,AMD,"Advanced Micro Devices, Inc.",Semiconductors,,2026-10-03,,,USER_CONFIRMED_FROZEN_NO_RESELECTION,2026-10-03T12:57:28Z,https://ir.amd.com/news-events/press-releases/detail/1276/amd-reports-fourth-quarter-and-full-year-2025-financial-results,,"Membership is fixed by explicit user choice. Do not automatically replace members after later rank corrections or data-quality findings. Present-day basket selection retains retrospective selection and survivorship bias. Source notes: CPUs, GPUs, AI accelerators and embedded semiconductors"
4,US,existing_25,existing_25,daily_and_5m,,MU,"Micron Technology, Inc.",Semiconductor memory,,2026-10-03,,,USER_CONFIRMED_FROZEN_NO_RESELECTION,2026-10-03T12:57:28Z,https://investors.micron.com/financials/quarterly-results/default.aspx,,"Membership is fixed by explicit user choice. Do not automatically replace members after later rank corrections or data-quality findings. Present-day basket selection retains retrospective selection and survivorship bias. Source notes: DRAM, NAND and other memory chips and products"
5,US,existing_25,existing_25,daily_and_5m,,TSM,Taiwan Semiconductor Manufacturing Company Limited,Semiconductor foundry,,2026-10-03,,,USER_CONFIRMED_FROZEN_NO_RESELECTION,2026-10-03T12:57:28Z,https://investor.tsmc.com/sites/ir/annual-report/2025/2025%20Annual%20Report_E.pdf,,Membership is fixed by explicit user choice. Do not automatically replace members after later rank corrections or data-quality findings. Present-day basket selection retains retrospective selection and survivorship bias. Source notes: Semiconductor foundry services
6,US,existing_25,existing_25,daily_and_5m,,ASML,ASML Holding N.V.,Semiconductor equipment,,2026-10-03,,,USER_CONFIRMED_FROZEN_NO_RESELECTION,2026-10-03T12:57:28Z,https://www.asml.com/en/investors/shares,,Membership is fixed by explicit user choice. Do not automatically replace members after later rank corrections or data-quality findings. Present-day basket selection retains retrospective selection and survivorship bias. Source notes: Semiconductor lithography equipment; do not substitute the EUR prices of the Dutch ASML.AS listing for the USD prices of the US ASML listing
7,US,existing_25,existing_25,daily_and_5m,,LRCX,Lam Research Corporation,Semiconductor equipment,,2026-10-03,,,USER_CONFIRMED_FROZEN_NO_RESELECTION,2026-10-03T12:57:28Z,https://investor.lamresearch.com/sec-filings?action=view&filer=Ticker%3ALRCX&item=1023799&pagetemplate=basic,,"Membership is fixed by explicit user choice. Do not automatically replace members after later rank corrections or data-quality findings. Present-day basket selection retains retrospective selection and survivorship bias. Source notes: Semiconductor manufacturing equipment, including etch and deposition"
8,US,existing_25,existing_25,daily_and_5m,,ANET,"Arista Networks, Inc.",Networking equipment,,2026-10-03,,,USER_CONFIRMED_FROZEN_NO_RESELECTION,2026-10-03T12:57:28Z,https://investors.arista.com/Communications/Press-Releases-and-Events/Press-Release-Detail/2026/Arista-Networks-Inc--Reports-Fourth-Quarter-and-Year-End-2025-Financial-Results/default.aspx,,"Membership is fixed by explicit user choice. Do not automatically replace members after later rank corrections or data-quality findings. Present-day basket selection retains retrospective selection and survivorship bias. Source notes: AI/data-center, campus and routing networks"
9,US,existing_25,existing_25,daily_and_5m,,VRT,Vertiv Holdings Co,Data-center infrastructure,,2026-10-03,,,USER_CONFIRMED_FROZEN_NO_RESELECTION,2026-10-03T12:57:28Z,https://www.sec.gov/Archives/edgar/data/1674101/000167410126000008/vrt-20251231.htm,,"Membership is fixed by explicit user choice. Do not automatically replace members after later rank corrections or data-quality findings. Present-day basket selection retains retrospective selection and survivorship bias. Source notes: Critical digital infrastructure, power and cooling; listed through the 2020 GSAH merger; pre-merger SPAC history is not a price history of the Vertiv operating company"
10,US,existing_25,existing_25,daily_and_5m,,MSFT,Microsoft Corporation,Software / cloud,,2026-10-03,,,USER_CONFIRMED_FROZEN_NO_RESELECTION,2026-10-03T12:57:28Z,https://www.sec.gov/Archives/edgar/data/789019/000095017025100235/msft-20250630.htm,,"Membership is fixed by explicit user choice. Do not automatically replace members after later rank corrections or data-quality findings. Present-day basket selection retains retrospective selection and survivorship bias. Source notes: Software, cloud and AI platforms"
11,US,existing_25,existing_25,daily_and_5m,,GOOGL,Alphabet Inc.,Internet services / cloud,,2026-10-03,,,USER_CONFIRMED_FROZEN_NO_RESELECTION,2026-10-03T12:57:28Z,https://www.sec.gov/Archives/edgar/data/1652044/000165204426000018/goog-20251231.htm,,Membership is fixed by explicit user choice. Do not automatically replace members after later rank corrections or data-quality findings. Present-day basket selection retains retrospective selection and survivorship bias. Source notes: Do not confuse this security with GOOG Class C; this share class has used ticker GOOGL since 2014
12,US,existing_25,existing_25,daily_and_5m,,ORCL,Oracle Corporation,Software / cloud,,2026-10-03,,,USER_CONFIRMED_FROZEN_NO_RESELECTION,2026-10-03T12:57:28Z,https://www.oracle.com/news/announcement/q3fy26-earnings-release-2026-03-10/,,"Membership is fixed by explicit user choice. Do not automatically replace members after later rank corrections or data-quality findings. Present-day basket selection retains retrospective selection and survivorship bias. Source notes: Databases, enterprise applications and cloud infrastructure"
13,US,sector_28,sector_28,daily_and_5m,,NVDA,NVIDIA Corporation,semiconductor,,2026-10-03,,,USER_CONFIRMED_FROZEN_NO_RESELECTION,2026-10-03T12:57:28Z,https://investor.nvidia.com/news/press-release-details/2026/NVIDIA-Announces-Financial-Results-for-Fourth-Quarter-and-Fiscal-2026/,https://www.sec.gov/Archives/edgar/data/1045810/000104581024000144/nvda-20240607.htm,"Membership is fixed by explicit user choice. Do not automatically replace members after later rank corrections or data-quality findings. Present-day basket selection retains retrospective selection and survivorship bias. Source notes: Common stock | GPUs, accelerated computing and data-center chip platforms | No known new-listing truncation of the planned window was identified; actual daily coverage has not been audited | Trading on a 10-for-1 split-adjusted basis began on 2024-06-10; verify historical price adjustments"
14,US,sector_28,sector_28,daily_and_5m,,AVGO,Broadcom Inc.,semiconductor,,2026-10-03,,,USER_CONFIRMED_FROZEN_NO_RESELECTION,2026-10-03T12:57:28Z,https://investors.broadcom.com/news-releases/news-release-details/broadcom-inc-announces-fourth-quarter-and-fiscal-year-2025,https://www.broadcom.com/company/news/financial-releases/62226,Membership is fixed by explicit user choice. Do not automatically replace members after later rank corrections or data-quality findings. Present-day basket selection retains retrospective selection and survivorship bias. Source notes: Common stock | Semiconductor solutions and infrastructure software | Material software operations make this a mixed-business company; assigned exclusively to Semiconductors in this pool | No known new-listing truncation of the planned window was identified; actual daily coverage has not been audited | Trading on a 10-for-1 split-adjusted basis began on 2024-07-15; acquisitions and integration changed the historical business mix
15,US,sector_28,sector_28,daily_and_5m,,AMD,"Advanced Micro Devices, Inc.",semiconductor,,2026-10-03,,,USER_CONFIRMED_FROZEN_NO_RESELECTION,2026-10-03T12:57:28Z,https://ir.amd.com/news-events/press-releases/detail/1276/amd-reports-fourth-quarter-and-full-year-2025-financial-results,,"Membership is fixed by explicit user choice. Do not automatically replace members after later rank corrections or data-quality findings. Present-day basket selection retains retrospective selection and survivorship bias. Source notes: Common stock | CPUs, GPUs, AI accelerators and embedded semiconductors | Classified by operating business rather than a broad Yahoo sector screen | No known new-listing truncation of the planned window was identified; actual daily coverage has not been audited"
16,US,sector_28,sector_28,daily_and_5m,,TSM,Taiwan Semiconductor Manufacturing Company Limited,semiconductor,,2026-10-03,,,USER_CONFIRMED_FROZEN_NO_RESELECTION,2026-10-03T12:57:28Z,https://investor.tsmc.com/sites/ir/annual-report/2025/2025%20Annual%20Report_E.pdf,,"Membership is fixed by explicit user choice. Do not automatically replace members after later rank corrections or data-quality findings. Present-day basket selection retains retrospective selection and survivorship bias. Source notes: American Depositary Shares (ADS/ADR) | Semiconductor foundry services | US-listed ADSs of a Taiwanese issuer; inclusion requires a US-listed rather than US-incorporated definition; do not substitute 2330.TW | No known new-listing truncation of the planned window was identified; actual daily coverage has not been audited | Separately verify the ADR ratio, dividend currency conversion, depositary fees and differences between Taiwanese and US holidays"
17,US,sector_28,sector_28,daily_and_5m,,MU,"Micron Technology, Inc.",memory_storage,,2026-10-03,,,USER_CONFIRMED_FROZEN_NO_RESELECTION,2026-10-03T12:57:28Z,https://investors.micron.com/financials/quarterly-results/default.aspx,https://investors.micron.com/node/49371/pdf,"Membership is fixed by explicit user choice. Do not automatically replace members after later rank corrections or data-quality findings. Present-day basket selection retains retrospective selection and survivorship bias. Source notes: Common stock | DRAM, NAND and other memory chips and products | Memory chips are also semiconductors; assigned only to Memory and Storage to keep the 28 members mutually exclusive | No known new-listing truncation of the planned window was identified; actual daily coverage has not been audited"
18,US,sector_28,sector_28,daily_and_5m,,SNDK,Sandisk Corporation,memory_storage,,2026-10-03,,,USER_CONFIRMED_FROZEN_NO_RESELECTION,2026-10-03T12:57:28Z,https://www.sec.gov/Archives/edgar/data/2023554/000202355425000034/sndk-20250627.htm,https://www.nasdaq.com/press-release/sandisk-celebrates-nasdaq-listing-after-completing-separation-western-digital-2025-02 ; https://www.sec.gov/Archives/edgar/data/106040/000119312516588382/d154176d8k.htm,"Membership is fixed by explicit user choice. Do not automatically replace members after later rank corrections or data-quality findings. Present-day basket selection retains retrospective selection and survivorship bias. Source notes: Common stock | NAND flash, SSDs and flash-storage devices | CONFIRMED GAP: regular-way trading began on 2025-02-24, so the security cannot cover the full five-year window starting around 2021-10-04; do not splice the pre-2016 SNDK, WDC or fabricated pre-listing prices | The new Sandisk began regular-way SNDK trading on 2025-02-24; the former SanDisk was acquired by WDC on 2016-05-12; ticker reuse does not establish security-history continuity"
19,US,sector_28,sector_28,daily_and_5m,,SIMO,Silicon Motion Technology Corporation,memory_storage,,2026-10-03,,,USER_CONFIRMED_FROZEN_NO_RESELECTION,2026-10-03T12:57:28Z,https://www.sec.gov/Archives/edgar/data/1329394/000119312526197184/d17718d20f.htm,https://ir.siliconmotion.com/static-files/14a3e8cc-d957-4700-a43d-eb88207842f9 ; https://ir.siliconmotion.com/news-releases/news-release-details/silicon-motion-showcases-next-generation-storage-architectures,"Membership is fixed by explicit user choice. Do not automatically replace members after later rank corrections or data-quality findings. Present-day basket selection retains retrospective selection and survivorship bias. Source notes: American Depositary Shares; each ADS represents 4 ordinary shares | SSD/NAND flash controller ICs, eMMC/UFS controllers and Ferri embedded solid-state storage | Cayman-incorporated issuer with US-listed ADSs; designs memory controllers rather than DRAM/NAND wafers; included under the SSD/memory-related theme and assigned only to Memory and Storage | The issuer's 2025 Form 20-F confirms Nasdaq listing since 2005-06-30; an early enough listing does not establish complete five-year OHLCV coverage; actual coverage is NOT_AUDITED | The 2025 Form 20-F confirms continued SIMO ADS listing and 1 ADS = 4 ordinary shares; the previous MaxLinear merger agreement was terminated, so do not label SIMO as acquired and delisted"
20,US,sector_28,sector_28,daily_and_5m,,RMBS,Rambus Inc.,memory_storage,,2026-10-03,,,USER_CONFIRMED_FROZEN_NO_RESELECTION,2026-10-03T12:57:28Z,https://www.rambus.com/rambus-enables-power-efficient-ai-platforms-with-socamm2-server-module-chipset/,https://investor.rambus.com/press-releases/press-release-details/2026/Rambus-Enables-Next-Generation-AI-PC-Memory-with-Complete-Client-Chipset-for-CUDIMM-and-CSODIMM-Modules/default.aspx ; https://www.sec.gov/Archives/edgar/data/917273/000119312526057101/rmbs-20251231.htm ; https://investor.rambus.com/financials/annual-reports-and-proxies/investor-home/investor-home/default.aspx,"Membership is fixed by explicit user choice. Do not automatically replace members after later rank corrections or data-quality findings. Present-day basket selection retains retrospective selection and survivorship bias. Source notes: Common stock | DDR5/LPDDR5 memory-module interface chips, clock and power-management chips, and memory-interface IP | A memory-related chip and IP supplier rather than a DRAM-die manufacturer; also has security IP and other non-memory operations; assigned only to Memory and Storage, without duplication in Semiconductors or Cybersecurity | Issuer investor materials confirm a 1997 IPO; an early enough listing does not establish complete five-year OHLCV coverage; actual coverage is NOT_AUDITED | This identity review found no new-listing truncation; splits, dividends and other corporate actions still require individual data audits"
21,US,sector_28,sector_28,daily_and_5m,,JPM,JPMorgan Chase & Co.,bank,,2026-10-03,,,USER_CONFIRMED_FROZEN_NO_RESELECTION,2026-10-03T12:57:28Z,https://www.jpmorganchase.com/content/dam/jpmc/jpmorgan-chase-and-co/investor-relations/documents/annualreport-2025.pdf,,"Membership is fixed by explicit user choice. Do not automatically replace members after later rank corrections or data-quality findings. Present-day basket selection retains retrospective selection and survivorship bias. Source notes: Common stock | Diversified bank and financial holding company | The Banks group includes diversified institutions with commercial, consumer and investment-banking operations | No known new-listing truncation of the planned window was identified; actual daily coverage has not been audited"
22,US,sector_28,sector_28,daily_and_5m,,BAC,Bank of America Corporation,bank,,2026-10-03,,,USER_CONFIRMED_FROZEN_NO_RESELECTION,2026-10-03T12:57:28Z,https://www.sec.gov/Archives/edgar/data/70858/000007085826000157/bac-20251231.htm,https://investor.bankofamerica.com/annual-reports-and-proxy-statements,"Membership is fixed by explicit user choice. Do not automatically replace members after later rank corrections or data-quality findings. Present-day basket selection retains retrospective selection and survivorship bias. Source notes: Common stock | Consumer, commercial and investment banking, and wealth management | No known new-listing truncation of the planned window was identified; actual daily coverage has not been audited"
23,US,sector_28,sector_28,daily_and_5m,,WFC,Wells Fargo & Company,bank,,2026-10-03,,,USER_CONFIRMED_FROZEN_NO_RESELECTION,2026-10-03T12:57:28Z,https://www.sec.gov/Archives/edgar/data/72971/000007297126000133/wfc-20251231.htm,https://www.sec.gov/Archives/edgar/data/72971/000007297126000133/wfc-20251231_d2.htm,"Membership is fixed by explicit user choice. Do not automatically replace members after later rank corrections or data-quality findings. Present-day basket selection retains retrospective selection and survivorship bias. Source notes: Common stock | Consumer, commercial and investment banking, and wealth management | No known new-listing truncation of the planned window was identified; actual daily coverage has not been audited"
24,US,sector_28,sector_28,daily_and_5m,,C,Citigroup Inc.,bank,,2026-10-03,,,USER_CONFIRMED_FROZEN_NO_RESELECTION,2026-10-03T12:57:28Z,https://www.sec.gov/Archives/edgar/data/831001/000110465926003604/c-20260114xex99d1.htm,https://www.citigroup.com/rcs/citigpa/storage/public/Annual_Report/2025/citi-2025-annual-report.pdf,"Membership is fixed by explicit user choice. Do not automatically replace members after later rank corrections or data-quality findings. Present-day basket selection retains retrospective selection and survivorship bias. Source notes: Common stock | Multinational diversified banking, payments and institutional financial services | No known new-listing truncation of the planned window was identified; actual daily coverage has not been audited"
25,US,sector_28,sector_28,daily_and_5m,,MCD,McDonald's Corporation,restaurant,,2026-10-03,,,USER_CONFIRMED_FROZEN_NO_RESELECTION,2026-10-03T12:57:28Z,https://corporate.mcdonalds.com/content/dam/sites/corp/nfl/pdf/MCD%202025%20Annual%20Report.pdf,https://corporate.mcdonalds.com/corpmcd/investors/financial-information.html,Membership is fixed by explicit user choice. Do not automatically replace members after later rank corrections or data-quality findings. Present-day basket selection retains retrospective selection and survivorship bias. Source notes: Common stock | Global quick-service restaurant chain and franchising | Operations include franchising and restaurant real-estate revenue; classified by the restaurant-service operating system | No known new-listing truncation of the planned window was identified; actual daily coverage has not been audited
26,US,sector_28,sector_28,daily_and_5m,,SBUX,Starbucks Corporation,restaurant,,2026-10-03,,,USER_CONFIRMED_FROZEN_NO_RESELECTION,2026-10-03T12:57:28Z,https://investor.starbucks.com/news/financial-releases/news-details/2025/Starbucks-Reports-Q4-and-Full-Fiscal-Year-2025-Results/,,Membership is fixed by explicit user choice. Do not automatically replace members after later rank corrections or data-quality findings. Present-day basket selection retains retrospective selection and survivorship bias. Source notes: Common stock | Coffee and beverage chain stores and licensed operations | Coffee chains are included in Restaurants; coffee-bean retail activity does not create a duplicate Retail membership | No known new-listing truncation of the planned window was identified; actual daily coverage has not been audited
27,US,sector_28,sector_28,daily_and_5m,,CMG,"Chipotle Mexican Grill, Inc.",restaurant,,2026-10-03,,,USER_CONFIRMED_FROZEN_NO_RESELECTION,2026-10-03T12:57:28Z,https://ir.chipotle.com/2026-02-03-CHIPOTLE-ANNOUNCES-FOURTH-QUARTER-AND-FULL-YEAR-2025-RESULTS?lv=true,https://newsroom.chipotle.com/press-releases?l=100&o=100,Membership is fixed by explicit user choice. Do not automatically replace members after later rank corrections or data-quality findings. Present-day basket selection retains retrospective selection and survivorship bias. Source notes: Common stock | Fast-casual restaurant chain | No known new-listing truncation of the planned window was identified; actual daily coverage has not been audited | Trading on a 50-for-1 split-adjusted basis began on 2024-06-26; verify historical price adjustments
28,US,sector_28,sector_28,daily_and_5m,,YUM,"Yum! Brands, Inc.",restaurant,,2026-10-03,,,USER_CONFIRMED_FROZEN_NO_RESELECTION,2026-10-03T12:57:28Z,https://www.yum.com/wps/portal/yumbrands/Yumbrands/news/press-releases/yum%20brands%20announces%20leadership%20transition%20plans%20david%20gibbs%20to%20retire%20in%202026%20%20%20%20%20/%21ut/p/z0/fY5BCsIwFESv8i8gSQO23VdErVW6ENpsJDWx_Vh_QpIK3t70As5qhhmGxyTrmCT1wVFFtKTmlHuZ38u2Fgd-5ZfyVm15K7L6eN4XGd8V7MTk_0F6EL6pmpFJp-K0QXpa1n2XNwxekQ6giOxCDxNgNkobHyZ0EFMXcIUANycLOlFpGHEYAkQL3kT0BpBAcJHDKuZesv8B0cndwQ%21%21/,https://www.sec.gov/Archives/edgar/data/1041061/000104106126000187/yum-20260901.htm,"Membership is fixed by explicit user choice. Do not automatically replace members after later rank corrections or data-quality findings. Present-day basket selection retains retrospective selection and survivorship bias. Source notes: Common stock | Restaurant group and franchisor represented by KFC, Taco Bell and Habit | YUM is distinct from YUMC; Pizza Hut has been sold, so do not retain the former brand-mix description | No known new-listing truncation of the planned window was identified; actual daily coverage has not been audited | Completed the sale of Pizza Hut outside mainland China on 2026-09-01, following the mainland-China transaction on 2026-08-07; YUM remained listed while its business scope changed"
29,US,sector_28,sector_28,daily_and_5m,,PANW,"Palo Alto Networks, Inc.",cybersecurity,,2026-10-03,,,USER_CONFIRMED_FROZEN_NO_RESELECTION,2026-10-03T12:57:28Z,https://investors.paloaltonetworks.com/news-releases/news-release-details/palo-alto-networks-reports-fiscal-fourth-quarter-and-fiscal-9,https://investors.paloaltonetworks.com/investor-resources/investor-faqs ; https://www.paloaltonetworks.com/company/press/2026/palo-alto-networks-completes-acquisition-of-cyberark-to-secure-the-ai-era,"Membership is fixed by explicit user choice. Do not automatically replace members after later rank corrections or data-quality findings. Present-day basket selection retains retrospective selection and survivorship bias. Source notes: Common stock | Network, cloud, security-operations, AI and identity security | No known new-listing truncation of the planned window was identified; actual daily coverage has not been audited | Verify the 3-for-1 split in 2022 and 2-for-1 split in 2024; completed the CyberArk acquisition on 2026-02-11, retaining US ticker PANW; do not substitute CYBR as an independently surviving US stock"
30,US,sector_28,sector_28,daily_and_5m,,CRWD,"CrowdStrike Holdings, Inc.",cybersecurity,,2026-10-03,,,USER_CONFIRMED_FROZEN_NO_RESELECTION,2026-10-03T12:57:28Z,https://ir.crowdstrike.com/news-releases/news-release-details/crowdstrike-reports-fourth-quarter-and-fiscal-year-2026,https://ir.crowdstrike.com/news-releases/news-release-details/crowdstrike-reports-second-quarter-fiscal-year-2027-financial ; https://ir.crowdstrike.com/news-releases/news-release-details/crowdstrike-reports-first-quarter-fiscal-year-2027-financial/,"Membership is fixed by explicit user choice. Do not automatically replace members after later rank corrections or data-quality findings. Present-day basket selection retains retrospective selection and survivorship bias. Source notes: Class A common stock | Falcon endpoint, cloud and identity-security platform | No known new-listing truncation of the planned window was identified; actual daily coverage has not been audited | 4-for-1 split after the close on 2026-07-01; split-adjusted trading began on 2026-07-02; verify historical adjustments"
31,US,sector_28,sector_28,daily_and_5m,,FTNT,"Fortinet, Inc.",cybersecurity,,2026-10-03,,,USER_CONFIRMED_FROZEN_NO_RESELECTION,2026-10-03T12:57:28Z,https://investor.fortinet.com/news-releases/news-release-details/fortinet-reports-strong-fourth-quarter-and-full-year-2025/,https://www.fortinet.com/corporate/about-us/newsroom/press-releases/2022/fortinet-announces-five-for-one-stock-split,"Membership is fixed by explicit user choice. Do not automatically replace members after later rank corrections or data-quality findings. Present-day basket selection retains retrospective selection and survivorship bias. Source notes: Common stock | Network-security appliances, software and cloud-security services | No known new-listing truncation of the planned window was identified; actual daily coverage has not been audited | 5-for-1 split in June 2022; verify historical price adjustments"
32,US,sector_28,sector_28,daily_and_5m,,ZS,"Zscaler, Inc.",cybersecurity,,2026-10-03,,,USER_CONFIRMED_FROZEN_NO_RESELECTION,2026-10-03T12:57:28Z,https://ir.zscaler.com/node/15186,https://www.sec.gov/Archives/edgar/data/1713683/000171368325000198/zs-20251121.htm,Membership is fixed by explicit user choice. Do not automatically replace members after later rank corrections or data-quality findings. Present-day basket selection retains retrospective selection and survivorship bias. Source notes: Common stock | Zero Trust and cloud-native security platform | Classified by cybersecurity operations; Yahoo's general industry label may be Software - Infrastructure | No known new-listing truncation of the planned window was identified; actual daily coverage has not been audited
33,US,sector_28,sector_28,daily_and_5m,,AMZN,"Amazon.com, Inc.",retail,,2026-10-03,,,USER_CONFIRMED_FROZEN_NO_RESELECTION,2026-10-03T12:57:28Z,https://ir.aboutamazon.com/news-release/news-release-details/2026/Amazon-com-Announces-Fourth-Quarter-Results/default.aspx,https://press.aboutamazon.com/2022/7/amazon-com-announces-second-quarter-results,"Membership is fixed by explicit user choice. Do not automatically replace members after later rank corrections or data-quality findings. Present-day basket selection retains retrospective selection and survivorship bias. Source notes: Common stock | Online and physical retail and third-party marketplaces, alongside AWS, advertising and other operations | Material AWS cloud operations make this a mixed-business company; assigned only to Retail, without duplication in Cybersecurity or Semiconductors | No known new-listing truncation of the planned window was identified; actual daily coverage has not been audited | 20-for-1 split in 2022; verify historical price adjustments"
34,US,sector_28,sector_28,daily_and_5m,,WMT,Walmart Inc.,retail,,2026-10-03,,,USER_CONFIRMED_FROZEN_NO_RESELECTION,2026-10-03T12:57:28Z,https://stock.walmart.com/,https://stock.walmart.com/sec-filings/all-sec-filings/content/0000104169-26-000055/wmt-20260131.htm ; https://stock.walmart.com/sec-filings/all-sec-filings/content/0000104169-24-000033/wmt-20240223.htm,"Membership is fixed by explicit user choice. Do not automatically replace members after later rank corrections or data-quality findings. Present-day basket selection retains retrospective selection and survivorship bias. Source notes: Common stock | General retail, warehouse clubs and e-commerce | No known new-listing truncation of the planned window was identified; actual daily coverage has not been audited | Trading on a 3-for-1 split-adjusted basis began on 2024-02-26; transferred from NYSE to Nasdaq on 2025-12-09 with ticker WMT unchanged; retain pre-transfer history"
35,US,sector_28,sector_28,daily_and_5m,,COST,Costco Wholesale Corporation,retail,,2026-10-03,,,USER_CONFIRMED_FROZEN_NO_RESELECTION,2026-10-03T12:57:28Z,https://investor.costco.com/news/news-details/2025/Costco-Wholesale-Corporation-Reports-Fourth-Quarter-and-Fiscal-Year-2025-Operating-Results/,https://www.sec.gov/Archives/edgar/data/909832/000090983225000157/costannualreport2025.pdf,Membership is fixed by explicit user choice. Do not automatically replace members after later rank corrections or data-quality findings. Present-day basket selection retains retrospective selection and survivorship bias. Source notes: Common stock | Membership-based warehouse retail | No known new-listing truncation of the planned window was identified; actual daily coverage has not been audited | Ordinary and special dividends may affect Adjusted Close; keep the adjustment treatment consistent with the price/return definition
36,US,sector_28,sector_28,daily_and_5m,,HD,"The Home Depot, Inc.",retail,,2026-10-03,,,USER_CONFIRMED_FROZEN_NO_RESELECTION,2026-10-03T12:57:28Z,https://ir.homedepot.com/investor-resources/investor-documents,,Membership is fixed by explicit user choice. Do not automatically replace members after later rank corrections or data-quality findings. Present-day basket selection retains retrospective selection and survivorship bias. Source notes: Common stock | Home-improvement specialty retail and professional-customer distribution | Expansion in professional distribution does not change this candidate's Retail theme assignment | No known new-listing truncation of the planned window was identified; actual daily coverage has not been audited
37,US,sector_28,sector_28,daily_and_5m,,PGR,The Progressive Corporation,insurance,,2026-10-03,,,USER_CONFIRMED_FROZEN_NO_RESELECTION,2026-10-03T12:57:28Z,https://www.sec.gov/Archives/edgar/data/80661/000008066126000071/pgr202512ex991earningsrele.htm,https://investor.progressive.com/financials/financial-news-releases/news-details/2026/Progressive-Reports-December-2025-Results/default.aspx,"Membership is fixed by explicit user choice. Do not automatically replace members after later rank corrections or data-quality findings. Present-day basket selection retains retrospective selection and survivorship bias. Source notes: Common stock | Personal and commercial property-and-casualty insurance, particularly auto insurance | No known new-listing truncation of the planned window was identified; actual daily coverage has not been audited"
38,US,sector_28,sector_28,daily_and_5m,,CB,Chubb Limited,insurance,,2026-10-03,,,USER_CONFIRMED_FROZEN_NO_RESELECTION,2026-10-03T12:57:28Z,https://www.sec.gov/Archives/edgar/data/896159/000089615926000005/cb-20251231.htm,https://investors.chubb.com/Home/default.aspx,"Membership is fixed by explicit user choice. Do not automatically replace members after later rank corrections or data-quality findings. Present-day basket selection retains retrospective selection and survivorship bias. Source notes: Common shares of Swiss issuer | Commercial and personal property-and-casualty insurance, reinsurance, life insurance and related products | US-listed, Swiss-incorporated company; not a US-incorporated issuer; includes supplemental health insurance but is not a healthcare-payment or managed-care company | No known new-listing truncation of the planned window was identified; actual daily coverage has not been audited"
39,US,sector_28,sector_28,daily_and_5m,,MET,"MetLife, Inc.",insurance,,2026-10-03,,,USER_CONFIRMED_FROZEN_NO_RESELECTION,2026-10-03T12:57:28Z,https://www.metlife.com/about-us/newsroom/2026/february/metlife-announces-full-year-and-4q-2025-results/,https://www.metlife.com/about-us/newsroom/2026/january/metlife-to-hold-combined-earnings-and-outlook-conference-call/,"Membership is fixed by explicit user choice. Do not automatically replace members after later rank corrections or data-quality findings. Present-day basket selection retains retrospective selection and survivorship bias. Source notes: Common stock | Life insurance, employee benefits and annuities | Insurance is defined broadly to include life and property-and-casualty insurers; the four members need not all be property-and-casualty insurers | No known new-listing truncation of the planned window was identified; actual daily coverage has not been audited"
40,US,sector_28,sector_28,daily_and_5m,,AIG,"American International Group, Inc.",insurance,,2026-10-03,,,USER_CONFIRMED_FROZEN_NO_RESELECTION,2026-10-03T12:57:28Z,https://www.aig.com/investor-relations,https://www.aig.com/content/dam/aig/america-canada/us/documents/investor-relations/earnings-result/aig-reports-4q25-results.pdf,"Membership is fixed by explicit user choice. Do not automatically replace members after later rank corrections or data-quality findings. Present-day basket selection retains retrospective selection and survivorship bias. Source notes: Common stock | Global commercial and personal property-and-casualty insurance | Interpret the current General Insurance business separately from historical financial statements that included the subsequently separated life and retirement business | No known new-listing truncation of the planned window was identified; actual daily coverage has not been audited | Corebridge was deconsolidated in June 2024, followed by further stake disposals; AIG stock history continues, but the business and reporting perimeter are not constant"
41,JP,existing_25,existing_25,daily_and_5m,,6857.T,Advantest,Semiconductor testing,,2026-10-03,,,USER_CONFIRMED_FROZEN_NO_RESELECTION,2026-10-03T12:57:28Z,https://www.advantest.com/en/investors/individual-investors/faq/,,Membership is fixed by explicit user choice. Do not automatically replace members after later rank corrections or data-quality findings. Present-day basket selection retains retrospective selection and survivorship bias. Source notes: 
42,JP,existing_25,existing_25,daily_and_5m,,8035.T,Tokyo Electron,Semiconductor equipment,,2026-10-03,,,USER_CONFIRMED_FROZEN_NO_RESELECTION,2026-10-03T12:57:28Z,https://www.tel.com/ir/faq/,,Membership is fixed by explicit user choice. Do not automatically replace members after later rank corrections or data-quality findings. Present-day basket selection retains retrospective selection and survivorship bias. Source notes: 
43,JP,existing_25,existing_25,daily_and_5m,,6146.T,DISCO,Semiconductor processing equipment,,2026-10-03,,,USER_CONFIRMED_FROZEN_NO_RESELECTION,2026-10-03T12:57:28Z,https://www.disco.co.jp/eg/ir/stock/info.html,,Membership is fixed by explicit user choice. Do not automatically replace members after later rank corrections or data-quality findings. Present-day basket selection retains retrospective selection and survivorship bias. Source notes: 
44,JP,existing_25,existing_25,daily_and_5m,,6920.T,Lasertec,Semiconductor inspection,,2026-10-03,,,USER_CONFIRMED_FROZEN_NO_RESELECTION,2026-10-03T12:57:28Z,https://www.lasertec.co.jp/ir/stock/outline.html,,Membership is fixed by explicit user choice. Do not automatically replace members after later rank corrections or data-quality findings. Present-day basket selection retains retrospective selection and survivorship bias. Source notes: 
45,JP,existing_25,existing_25,daily_and_5m,,285A.T,Kioxia Holdings,Semiconductor memory / SSD,,2026-10-03,,,USER_CONFIRMED_FROZEN_NO_RESELECTION,2026-10-03T12:57:28Z,https://www.jpx.co.jp/english/news/1031/20241217_01.html,,Membership is fixed by explicit user choice. Do not automatically replace members after later rank corrections or data-quality findings. Present-day basket selection retains retrospective selection and survivorship bias. Source notes: IPO 2024-12-18; no pre-IPO OHLCV; must not backfill five-year history
46,JP,existing_25,existing_25,daily_and_5m,,4062.T,Ibiden,Semiconductor substrates,,2026-10-03,,,USER_CONFIRMED_FROZEN_NO_RESELECTION,2026-10-03T12:57:28Z,https://www.ibiden.com/ir/info17_01.pdf,,Membership is fixed by explicit user choice. Do not automatically replace members after later rank corrections or data-quality findings. Present-day basket selection retains retrospective selection and survivorship bias. Source notes: 
47,JP,existing_25,existing_25,daily_and_5m,,4004.T,Resonac Holdings,Chemicals / semiconductor materials,,2026-10-03,,,USER_CONFIRMED_FROZEN_NO_RESELECTION,2026-10-03T12:57:28Z,https://www.resonac.com/sites/default/files/2023-03/pdf-news-20230302-114meeting-notice_en.pdf,,Membership is fixed by explicit user choice. Do not automatically replace members after later rank corrections or data-quality findings. Present-day basket selection retains retrospective selection and survivorship bias. Source notes: Former Showa Denko; Resonac name effective 2023-01-01; diversified chemical company with HDD media exposure
48,JP,existing_25,existing_25,daily_and_5m,,4186.T,Tokyo Ohka Kogyo,Photoresists / semiconductor materials,,2026-10-03,,,USER_CONFIRMED_FROZEN_NO_RESELECTION,2026-10-03T12:57:28Z,https://www.tok.co.jp/application/files/2216/8086/4334/r_mid_1303.pdf,,Membership is fixed by explicit user choice. Do not automatically replace members after later rank corrections or data-quality findings. Present-day basket selection retains retrospective selection and survivorship bias. Source notes: 
49,JP,existing_25,existing_25,daily_and_5m,,4063.T,Shin-Etsu Chemical,Chemicals / semiconductor materials,,2026-10-03,,,USER_CONFIRMED_FROZEN_NO_RESELECTION,2026-10-03T12:57:28Z,https://www.shinetsu.co.jp/en/ir/ir-faq/,,Membership is fixed by explicit user choice. Do not automatically replace members after later rank corrections or data-quality findings. Present-day basket selection retains retrospective selection and survivorship bias. Source notes: 
50,JP,existing_25,existing_25,daily_and_5m,,5803.T,Fujikura,Wire / cable,,2026-10-03,,,USER_CONFIRMED_FROZEN_NO_RESELECTION,2026-10-03T12:57:28Z,https://www.fujikura.co.jp/en/ir/faq/,,Membership is fixed by explicit user choice. Do not automatically replace members after later rank corrections or data-quality findings. Present-day basket selection retains retrospective selection and survivorship bias. Source notes: 
51,JP,existing_25,existing_25,daily_and_5m,,5801.T,Furukawa Electric,Wire / cable,,2026-10-03,,,USER_CONFIRMED_FROZEN_NO_RESELECTION,2026-10-03T12:57:28Z,https://www.furukawaelectric.com/ir/stock/information.html,,Membership is fixed by explicit user choice. Do not automatically replace members after later rank corrections or data-quality findings. Present-day basket selection retains retrospective selection and survivorship bias. Source notes: 
52,JP,existing_25,existing_25,daily_and_5m,,9984.T,SoftBank Group,Investment holding,,2026-10-03,,,USER_CONFIRMED_FROZEN_NO_RESELECTION,2026-10-03T12:57:28Z,https://group.softbank/en/ir/faq,,Membership is fixed by explicit user choice. Do not automatically replace members after later rank corrections or data-quality findings. Present-day basket selection retains retrospective selection and survivorship bias. Source notes: SoftBank Group investment holding company; distinct from SoftBank Corp 9434
53,JP,existing_25,existing_25,daily_and_5m,,2737.T,Tomen Devices,Memory-chip distribution,,2026-10-03,,,USER_CONFIRMED_FROZEN_NO_RESELECTION,2026-10-03T12:57:28Z,https://www.tomendevices.co.jp/ir/faq.html,,Membership is fixed by explicit user choice. Do not automatically replace members after later rank corrections or data-quality findings. Present-day basket selection retains retrospective selection and survivorship bias. Source notes: 
54,JP,sector_28,sector_28,daily_and_5m,,8035.T,Tokyo Electron,semiconductor,,2026-10-03,,,USER_CONFIRMED_FROZEN_NO_RESELECTION,2026-10-03T12:57:28Z,https://www.tel.com/ir/faq/,,Membership is fixed by explicit user choice. Do not automatically replace members after later rank corrections or data-quality findings. Present-day basket selection retains retrospective selection and survivorship bias. Source notes: 
55,JP,sector_28,sector_28,daily_and_5m,,6857.T,Advantest,semiconductor,,2026-10-03,,,USER_CONFIRMED_FROZEN_NO_RESELECTION,2026-10-03T12:57:28Z,https://www.advantest.com/en/investors/individual-investors/faq/,,Membership is fixed by explicit user choice. Do not automatically replace members after later rank corrections or data-quality findings. Present-day basket selection retains retrospective selection and survivorship bias. Source notes: 
56,JP,sector_28,sector_28,daily_and_5m,,6146.T,DISCO,semiconductor,,2026-10-03,,,USER_CONFIRMED_FROZEN_NO_RESELECTION,2026-10-03T12:57:28Z,https://www.disco.co.jp/eg/ir/stock/info.html,,Membership is fixed by explicit user choice. Do not automatically replace members after later rank corrections or data-quality findings. Present-day basket selection retains retrospective selection and survivorship bias. Source notes: 
57,JP,sector_28,sector_28,daily_and_5m,,6723.T,Renesas Electronics,semiconductor,,2026-10-03,,,USER_CONFIRMED_FROZEN_NO_RESELECTION,2026-10-03T12:57:28Z,https://www.renesas.com/en/about/investor-relations/stock/stock-information,,Membership is fixed by explicit user choice. Do not automatically replace members after later rank corrections or data-quality findings. Present-day basket selection retains retrospective selection and survivorship bias. Source notes: 
58,JP,sector_28,sector_28,daily_and_5m,,285A.T,Kioxia Holdings,memory_semiconductor_ssd,,2026-10-03,,,USER_CONFIRMED_FROZEN_NO_RESELECTION,2026-10-03T12:57:28Z,https://www.jpx.co.jp/english/news/1031/20241217_01.html,https://www.kioxia-holdings.com/content/dam/kioxia-hd/en-jp/about/asset/kioxia-holdings-corporate-profile-e.pdf,Membership is fixed by explicit user choice. Do not automatically replace members after later rank corrections or data-quality findings. Present-day basket selection retains retrospective selection and survivorship bias. Source notes: NAND_and_SSD_manufacturer | IPO 2024-12-18; no pre-IPO OHLCV; must not backfill five-year history
59,JP,sector_28,sector_28,daily_and_5m,,6762.T,TDK,memory_semiconductor_ssd,,2026-10-03,,,USER_CONFIRMED_FROZEN_NO_RESELECTION,2026-10-03T12:57:28Z,https://www.tdk.com/en/news_center/press/20201203_01.html,https://product.tdk.com/en/products/flash-storage/lineup/index.html,Membership is fixed by explicit user choice. Do not automatically replace members after later rank corrections or data-quality findings. Present-day basket selection retains retrospective selection and survivorship bias. Source notes: NAND_controller_and_industrial_SSD | Diversified group; actual in-house NAND controllers and industrial 3D NAND SSDs; not selected for HDD heads; market-share rank not proven
60,JP,sector_28,sector_28,daily_and_5m,,2737.T,Tomen Devices,memory_semiconductor_ssd,,2026-10-03,,,USER_CONFIRMED_FROZEN_NO_RESELECTION,2026-10-03T12:57:28Z,https://www2.jpx.co.jp/disc/27370/140120260424510045.pdf,https://www.tomendevices.co.jp/recruit/partnership.html,Membership is fixed by explicit user choice. Do not automatically replace members after later rank corrections or data-quality findings. Present-day basket selection retains retrospective selection and survivorship bias. Source notes: memory_semiconductor_technical_distributor | DRAM NAND MCP SSD distribution; FY2026 memory revenue JPY553.2bn (87.3% of revenue); issuer states sole domestic Samsung sales distributor; not wafer manufacturer
61,JP,sector_28,sector_28,daily_and_5m,,6676.T,Buffalo,memory_semiconductor_ssd,,2026-10-03,,,USER_CONFIRMED_FROZEN_NO_RESELECTION,2026-10-03T12:57:28Z,https://www.buffalo.jp/ir/news/20250319.pdf,https://www.buffalo.jp/topics/special/detail/bcn2026.html,Membership is fixed by explicit user choice. Do not automatically replace members after later rank corrections or data-quality findings. Present-day basket selection retains retrospective selection and survivorship bias. Source notes: SSD_flash_and_memory_product_vendor | BCN2026 external SSD and USB memory top sales; CFD group memory top sales; Japanese measured retail channels only; 2024 Shimadaya spin-off and 2025 same-code rename
62,JP,sector_28,sector_28,daily_and_5m,,8306.T,Mitsubishi UFJ Financial Group,bank,,2026-10-03,,,USER_CONFIRMED_FROZEN_NO_RESELECTION,2026-10-03T12:57:28Z,https://www.jpx.co.jp/english/markets/statistics-equities/misc/vk0khi00000256ky-att/202607_r.pdf,,Membership is fixed by explicit user choice. Do not automatically replace members after later rank corrections or data-quality findings. Present-day basket selection retains retrospective selection and survivorship bias. Source notes: 
63,JP,sector_28,sector_28,daily_and_5m,,8316.T,Sumitomo Mitsui Financial Group,bank,,2026-10-03,,,USER_CONFIRMED_FROZEN_NO_RESELECTION,2026-10-03T12:57:28Z,https://www.jpx.co.jp/english/markets/statistics-equities/misc/vk0khi00000256ky-att/202607_r.pdf,,Membership is fixed by explicit user choice. Do not automatically replace members after later rank corrections or data-quality findings. Present-day basket selection retains retrospective selection and survivorship bias. Source notes: 
64,JP,sector_28,sector_28,daily_and_5m,,8411.T,Mizuho Financial Group,bank,,2026-10-03,,,USER_CONFIRMED_FROZEN_NO_RESELECTION,2026-10-03T12:57:28Z,https://www.jpx.co.jp/english/markets/statistics-equities/misc/vk0khi00000256ky-att/202607_r.pdf,,Membership is fixed by explicit user choice. Do not automatically replace members after later rank corrections or data-quality findings. Present-day basket selection retains retrospective selection and survivorship bias. Source notes: 
65,JP,sector_28,sector_28,daily_and_5m,,7182.T,Japan Post Bank,bank,,2026-10-03,,,USER_CONFIRMED_FROZEN_NO_RESELECTION,2026-10-03T12:57:28Z,https://www.jp-bank.japanpost.jp/en/ir/faq/en_ir_qa_cat05.html,,Membership is fixed by explicit user choice. Do not automatically replace members after later rank corrections or data-quality findings. Present-day basket selection retains retrospective selection and survivorship bias. Source notes: 
66,JP,sector_28,sector_28,daily_and_5m,,7550.T,Zensho Holdings,restaurant,,2026-10-03,,,USER_CONFIRMED_FROZEN_NO_RESELECTION,2026-10-03T12:57:28Z,https://www2.jpx.co.jp/disc/75500/140120240808566581.pdf,,Membership is fixed by explicit user choice. Do not automatically replace members after later rank corrections or data-quality findings. Present-day basket selection retains retrospective selection and survivorship bias. Source notes: 
67,JP,sector_28,sector_28,daily_and_5m,,2702.T,McDonald's Holdings Japan,restaurant,,2026-10-03,,,USER_CONFIRMED_FROZEN_NO_RESELECTION,2026-10-03T12:57:28Z,https://www.mcdonalds.co.jp/cservice/list.stock/,,Membership is fixed by explicit user choice. Do not automatically replace members after later rank corrections or data-quality findings. Present-day basket selection retains retrospective selection and survivorship bias. Source notes: 
68,JP,sector_28,sector_28,daily_and_5m,,3197.T,Skylark Holdings,restaurant,,2026-10-03,,,USER_CONFIRMED_FROZEN_NO_RESELECTION,2026-10-03T12:57:28Z,https://corp.skylark.co.jp/ir/individual/,,Membership is fixed by explicit user choice. Do not automatically replace members after later rank corrections or data-quality findings. Present-day basket selection retains retrospective selection and survivorship bias. Source notes: 
69,JP,sector_28,sector_28,daily_and_5m,,3563.T,FOOD & LIFE COMPANIES,restaurant,,2026-10-03,,,USER_CONFIRMED_FROZEN_NO_RESELECTION,2026-10-03T12:57:28Z,https://food-and-life.co.jp/wp-content/uploads/2024/12/217c2caf45a7b824ccf93eec3dffff14.pdf,,Membership is fixed by explicit user choice. Do not automatically replace members after later rank corrections or data-quality findings. Present-day basket selection retains retrospective selection and survivorship bias. Source notes: 
70,JP,sector_28,sector_28,daily_and_5m,,4704.T,Trend Micro,cybersecurity,,2026-10-03,,,USER_CONFIRMED_FROZEN_NO_RESELECTION,2026-10-03T12:57:28Z,https://www.trendmicro.com/en_us/about/investor-relations/stocks-bonds.html,,Membership is fixed by explicit user choice. Do not automatically replace members after later rank corrections or data-quality findings. Present-day basket selection retains retrospective selection and survivorship bias. Source notes: Cybersecurity specialist; large relative to domestic listed specialists
71,JP,sector_28,sector_28,daily_and_5m,,2326.T,Digital Arts,cybersecurity,,2026-10-03,,,USER_CONFIRMED_FROZEN_NO_RESELECTION,2026-10-03T12:57:28Z,https://pages.daj.jp/ir/faq/,,"Membership is fixed by explicit user choice. Do not automatically replace members after later rank corrections or data-quality findings. Present-day basket selection retains retrospective selection and survivorship bias. Source notes: Cybersecurity specialist; sector-relative mid/smaller cap, not absolute large-cap"
72,JP,sector_28,sector_28,daily_and_5m,,3692.T,FFRI Security,cybersecurity,,2026-10-03,,,USER_CONFIRMED_FROZEN_NO_RESELECTION,2026-10-03T12:57:28Z,https://www.ffri.jp/assets/files/docs/1001/20140918_issue_price.pdf,,"Membership is fixed by explicit user choice. Do not automatically replace members after later rank corrections or data-quality findings. Present-day basket selection retains retrospective selection and survivorship bias. Source notes: Cybersecurity specialist; sector-relative mid/smaller cap, not absolute large-cap"
73,JP,sector_28,sector_28,daily_and_5m,,4475.T,HENNGE,cybersecurity,,2026-10-03,,,USER_CONFIRMED_FROZEN_NO_RESELECTION,2026-10-03T12:57:28Z,https://hennge.com/global/investor/,,Membership is fixed by explicit user choice. Do not automatically replace members after later rank corrections or data-quality findings. Present-day basket selection retains retrospective selection and survivorship bias. Source notes: Cloud identity/access/security specialist; IPO 2019-10-08; sector-relative mid/smaller cap
74,JP,sector_28,sector_28,daily_and_5m,,9983.T,Fast Retailing,retail,,2026-10-03,,,USER_CONFIRMED_FROZEN_NO_RESELECTION,2026-10-03T12:57:28Z,https://www.fastretailing.com/eng/ir/faq/,,Membership is fixed by explicit user choice. Do not automatically replace members after later rank corrections or data-quality findings. Present-day basket selection retains retrospective selection and survivorship bias. Source notes: 
75,JP,sector_28,sector_28,daily_and_5m,,3382.T,Seven & i Holdings,retail,,2026-10-03,,,USER_CONFIRMED_FROZEN_NO_RESELECTION,2026-10-03T12:57:28Z,https://www2.jpx.co.jp/disc/33820/140120231218505062.pdf,,Membership is fixed by explicit user choice. Do not automatically replace members after later rank corrections or data-quality findings. Present-day basket selection retains retrospective selection and survivorship bias. Source notes: 
76,JP,sector_28,sector_28,daily_and_5m,,8267.T,AEON,retail,,2026-10-03,,,USER_CONFIRMED_FROZEN_NO_RESELECTION,2026-10-03T12:57:28Z,https://www.aeon.info/ir/faq/,,Membership is fixed by explicit user choice. Do not automatically replace members after later rank corrections or data-quality findings. Present-day basket selection retains retrospective selection and survivorship bias. Source notes: 
77,JP,sector_28,sector_28,daily_and_5m,,7532.T,Pan Pacific International Holdings,retail,,2026-10-03,,,USER_CONFIRMED_FROZEN_NO_RESELECTION,2026-10-03T12:57:28Z,https://ppih.co.jp/ir/faq/enq_count.php?ans=1&faqid=2274,,Membership is fixed by explicit user choice. Do not automatically replace members after later rank corrections or data-quality findings. Present-day basket selection retains retrospective selection and survivorship bias. Source notes: 
78,JP,sector_28,sector_28,daily_and_5m,,8766.T,Tokio Marine Holdings,insurance,,2026-10-03,,,USER_CONFIRMED_FROZEN_NO_RESELECTION,2026-10-03T12:57:28Z,https://www.jpx.co.jp/english/markets/statistics-equities/misc/vk0khi00000256ky-att/202607_r.pdf,,Membership is fixed by explicit user choice. Do not automatically replace members after later rank corrections or data-quality findings. Present-day basket selection retains retrospective selection and survivorship bias. Source notes: 
79,JP,sector_28,sector_28,daily_and_5m,,8725.T,MS&AD Insurance Group Holdings,insurance,,2026-10-03,,,USER_CONFIRMED_FROZEN_NO_RESELECTION,2026-10-03T12:57:28Z,https://www.jpx.co.jp/english/markets/statistics-equities/misc/vk0khi00000256ky-att/202607_r.pdf,,Membership is fixed by explicit user choice. Do not automatically replace members after later rank corrections or data-quality findings. Present-day basket selection retains retrospective selection and survivorship bias. Source notes: 
80,JP,sector_28,sector_28,daily_and_5m,,8630.T,Sompo Holdings,insurance,,2026-10-03,,,USER_CONFIRMED_FROZEN_NO_RESELECTION,2026-10-03T12:57:28Z,https://www.jpx.co.jp/english/markets/statistics-equities/misc/vk0khi00000256ky-att/202607_r.pdf,,Membership is fixed by explicit user choice. Do not automatically replace members after later rank corrections or data-quality findings. Present-day basket selection retains retrospective selection and survivorship bias. Source notes: 
81,JP,sector_28,sector_28,daily_and_5m,,8750.T,Daiichi Life Group,insurance,,2026-10-03,,,USER_CONFIRMED_FROZEN_NO_RESELECTION,2026-10-03T12:57:28Z,https://www.daiichilife-group.com/en/investor/news/assets/pdf/2025_index_032.pdf,,Membership is fixed by explicit user choice. Do not automatically replace members after later rank corrections or data-quality findings. Present-day basket selection retains retrospective selection and survivorship bias. Source notes: Dai-ichi Life Holdings renamed Daiichi Life Group 2026-04-01
82,JP,historical_30_user_fixed,historical_top_30,daily,1,7203.T,Toyota Motor,Automotive,2021-10-04,2021-09-30,,32629900000000,USER_CONFIRMED_FROZEN_NO_RESELECTION,2026-10-03T12:57:28Z,https://www.jpx.co.jp/english/markets/statistics-equities/misc/b5b4pj000004dwnm-att/202109-e.pdf,,"Membership is fixed by explicit user choice. Do not automatically replace members after later rank corrections or data-quality findings. Source notes: File-specific publication timestamp NOT verified; formation date is proposed conservative eligibility session, not audited first bar."
83,JP,historical_30_user_fixed,historical_top_30,daily,2,6861.T,Keyence,Industrial automation,2021-10-04,2021-09-30,,16294900000000,USER_CONFIRMED_FROZEN_NO_RESELECTION,2026-10-03T12:57:28Z,https://www.jpx.co.jp/english/markets/statistics-equities/misc/b5b4pj000004dwnm-att/202109-e.pdf,,"Membership is fixed by explicit user choice. Do not automatically replace members after later rank corrections or data-quality findings. Source notes: File-specific publication timestamp NOT verified; formation date is proposed conservative eligibility session, not audited first bar."
84,JP,historical_30_user_fixed,historical_top_30,daily,3,6758.T,Sony Group,Electronics / entertainment,2021-10-04,2021-09-30,,15706400000000,USER_CONFIRMED_FROZEN_NO_RESELECTION,2026-10-03T12:57:28Z,https://www.jpx.co.jp/english/markets/statistics-equities/misc/b5b4pj000004dwnm-att/202109-e.pdf,,"Membership is fixed by explicit user choice. Do not automatically replace members after later rank corrections or data-quality findings. Source notes: Sony Financial Group partial spin-off Sep/Oct2025; distribution in kind requires corporate-action handling | File-specific publication timestamp NOT verified; formation date is proposed conservative eligibility session, not audited first bar."
85,JP,historical_30_user_fixed,historical_top_30,daily,4,6098.T,Recruit Holdings,Recruitment / information services,2021-10-04,2021-09-30,,11586700000000,USER_CONFIRMED_FROZEN_NO_RESELECTION,2026-10-03T12:57:28Z,https://www.jpx.co.jp/english/markets/statistics-equities/misc/b5b4pj000004dwnm-att/202109-e.pdf,,"Membership is fixed by explicit user choice. Do not automatically replace members after later rank corrections or data-quality findings. Source notes: File-specific publication timestamp NOT verified; formation date is proposed conservative eligibility session, not audited first bar."
86,JP,historical_30_user_fixed,historical_top_30,daily,5,9984.T,SoftBank Group,Investment holding,2021-10-04,2021-09-30,,11164700000000,USER_CONFIRMED_FROZEN_NO_RESELECTION,2026-10-03T12:57:28Z,https://www.jpx.co.jp/english/markets/statistics-equities/misc/b5b4pj000004dwnm-att/202109-e.pdf,,"Membership is fixed by explicit user choice. Do not automatically replace members after later rank corrections or data-quality findings. Source notes: SoftBank Group investment holding company; distinct from SoftBank Corp 9434 | File-specific publication timestamp NOT verified; formation date is proposed conservative eligibility session, not audited first bar."
87,JP,historical_30_user_fixed,historical_top_30,daily,6,8306.T,Mitsubishi UFJ Financial Group,Bank,2021-10-04,2021-09-30,,8935500000000,USER_CONFIRMED_FROZEN_NO_RESELECTION,2026-10-03T12:57:28Z,https://www.jpx.co.jp/english/markets/statistics-equities/misc/b5b4pj000004dwnm-att/202109-e.pdf,,"Membership is fixed by explicit user choice. Do not automatically replace members after later rank corrections or data-quality findings. Source notes: File-specific publication timestamp NOT verified; formation date is proposed conservative eligibility session, not audited first bar."
88,JP,historical_30_user_fixed,historical_top_30,daily,7,9983.T,Fast Retailing,Apparel retail,2021-10-04,2021-09-30,,8748900000000,USER_CONFIRMED_FROZEN_NO_RESELECTION,2026-10-03T12:57:28Z,https://www.jpx.co.jp/english/markets/statistics-equities/misc/b5b4pj000004dwnm-att/202109-e.pdf,,"Membership is fixed by explicit user choice. Do not automatically replace members after later rank corrections or data-quality findings. Source notes: File-specific publication timestamp NOT verified; formation date is proposed conservative eligibility session, not audited first bar."
89,JP,historical_30_user_fixed,historical_top_30,daily,8,9433.T,KDDI,Telecommunications,2021-10-04,2021-09-30,,8504700000000,USER_CONFIRMED_FROZEN_NO_RESELECTION,2026-10-03T12:57:28Z,https://www.jpx.co.jp/english/markets/statistics-equities/misc/b5b4pj000004dwnm-att/202109-e.pdf,,"Membership is fixed by explicit user choice. Do not automatically replace members after later rank corrections or data-quality findings. Source notes: File-specific publication timestamp NOT verified; formation date is proposed conservative eligibility session, not audited first bar."
90,JP,historical_30_user_fixed,historical_top_30,daily,9,9432.T,NTT,Telecommunications,2021-10-04,2021-09-30,,8146000000000,USER_CONFIRMED_FROZEN_NO_RESELECTION,2026-10-03T12:57:28Z,https://www.jpx.co.jp/english/markets/statistics-equities/misc/b5b4pj000004dwnm-att/202109-e.pdf,,"Membership is fixed by explicit user choice. Do not automatically replace members after later rank corrections or data-quality findings. Source notes: Sep2021 Nippon Telegraph and Telephone; current NTT | File-specific publication timestamp NOT verified; formation date is proposed conservative eligibility session, not audited first bar."
91,JP,historical_30_user_fixed,historical_top_30,daily,10,4063.T,Shin-Etsu Chemical,Chemicals / semiconductor materials,2021-10-04,2021-09-30,,7874900000000,USER_CONFIRMED_FROZEN_NO_RESELECTION,2026-10-03T12:57:28Z,https://www.jpx.co.jp/english/markets/statistics-equities/misc/b5b4pj000004dwnm-att/202109-e.pdf,,"Membership is fixed by explicit user choice. Do not automatically replace members after later rank corrections or data-quality findings. Source notes: File-specific publication timestamp NOT verified; formation date is proposed conservative eligibility session, not audited first bar."
92,JP,historical_30_user_fixed,historical_top_30,daily,11,8035.T,Tokyo Electron,Semiconductor equipment,2021-10-04,2021-09-30,,7808600000000,USER_CONFIRMED_FROZEN_NO_RESELECTION,2026-10-03T12:57:28Z,https://www.jpx.co.jp/english/markets/statistics-equities/misc/b5b4pj000004dwnm-att/202109-e.pdf,,"Membership is fixed by explicit user choice. Do not automatically replace members after later rank corrections or data-quality findings. Source notes: File-specific publication timestamp NOT verified; formation date is proposed conservative eligibility session, not audited first bar."
93,JP,historical_30_user_fixed,historical_top_30,daily,12,6594.T,Nidec,Electric motors,2021-10-04,2021-09-30,,7405800000000,USER_CONFIRMED_FROZEN_NO_RESELECTION,2026-10-03T12:57:28Z,https://www.jpx.co.jp/english/markets/statistics-equities/misc/b5b4pj000004dwnm-att/202109-e.pdf,,"Membership is fixed by explicit user choice. Do not automatically replace members after later rank corrections or data-quality findings. Source notes: Historical constituent must stay; Special Alert designated 2025-10-28, not a delisting | File-specific publication timestamp NOT verified; formation date is proposed conservative eligibility session, not audited first bar."
94,JP,historical_30_user_fixed,historical_top_30,daily,13,9434.T,SoftBank,Telecommunications,2021-10-04,2021-09-30,,7250100000000,USER_CONFIRMED_FROZEN_NO_RESELECTION,2026-10-03T12:57:28Z,https://www.jpx.co.jp/english/markets/statistics-equities/misc/b5b4pj000004dwnm-att/202109-e.pdf,,"Membership is fixed by explicit user choice. Do not automatically replace members after later rank corrections or data-quality findings. Source notes: File-specific publication timestamp NOT verified; formation date is proposed conservative eligibility session, not audited first bar."
95,JP,historical_30_user_fixed,historical_top_30,daily,14,6367.T,Daikin Industries,HVAC equipment,2021-10-04,2021-09-30,,7169500000000,USER_CONFIRMED_FROZEN_NO_RESELECTION,2026-10-03T12:57:28Z,https://www.jpx.co.jp/english/markets/statistics-equities/misc/b5b4pj000004dwnm-att/202109-e.pdf,,"Membership is fixed by explicit user choice. Do not automatically replace members after later rank corrections or data-quality findings. Source notes: File-specific publication timestamp NOT verified; formation date is proposed conservative eligibility session, not audited first bar."
96,JP,historical_30_user_fixed,historical_top_30,daily,15,7974.T,Nintendo,Video games,2021-10-04,2021-09-30,,7150900000000,USER_CONFIRMED_FROZEN_NO_RESELECTION,2026-10-03T12:57:28Z,https://www.jpx.co.jp/english/markets/statistics-equities/misc/b5b4pj000004dwnm-att/202109-e.pdf,,"Membership is fixed by explicit user choice. Do not automatically replace members after later rank corrections or data-quality findings. Source notes: File-specific publication timestamp NOT verified; formation date is proposed conservative eligibility session, not audited first bar."
97,JP,historical_30_user_fixed,historical_top_30,daily,16,4519.T,Chugai Pharmaceutical,Pharmaceuticals,2021-10-04,2021-09-30,,6889100000000,USER_CONFIRMED_FROZEN_NO_RESELECTION,2026-10-03T12:57:28Z,https://www.jpx.co.jp/english/markets/statistics-equities/misc/b5b4pj000004dwnm-att/202109-e.pdf,,"Membership is fixed by explicit user choice. Do not automatically replace members after later rank corrections or data-quality findings. Source notes: File-specific publication timestamp NOT verified; formation date is proposed conservative eligibility session, not audited first bar."
98,JP,historical_30_user_fixed,historical_top_30,daily,17,6981.T,Murata Manufacturing,Electronic components,2021-10-04,2021-09-30,,6731100000000,USER_CONFIRMED_FROZEN_NO_RESELECTION,2026-10-03T12:57:28Z,https://www.jpx.co.jp/english/markets/statistics-equities/misc/b5b4pj000004dwnm-att/202109-e.pdf,,"Membership is fixed by explicit user choice. Do not automatically replace members after later rank corrections or data-quality findings. Source notes: File-specific publication timestamp NOT verified; formation date is proposed conservative eligibility session, not audited first bar."
99,JP,historical_30_user_fixed,historical_top_30,daily,18,4661.T,Oriental Land,Leisure / theme parks,2021-10-04,2021-09-30,,6593700000000,USER_CONFIRMED_FROZEN_NO_RESELECTION,2026-10-03T12:57:28Z,https://www.jpx.co.jp/english/markets/statistics-equities/misc/b5b4pj000004dwnm-att/202109-e.pdf,,"Membership is fixed by explicit user choice. Do not automatically replace members after later rank corrections or data-quality findings. Source notes: File-specific publication timestamp NOT verified; formation date is proposed conservative eligibility session, not audited first bar."
100,JP,historical_30_user_fixed,historical_top_30,daily,19,7741.T,HOYA,Precision optics / medical devices,2021-10-04,2021-09-30,,6460500000000,USER_CONFIRMED_FROZEN_NO_RESELECTION,2026-10-03T12:57:28Z,https://www.jpx.co.jp/english/markets/statistics-equities/misc/b5b4pj000004dwnm-att/202109-e.pdf,,"Membership is fixed by explicit user choice. Do not automatically replace members after later rank corrections or data-quality findings. Source notes: File-specific publication timestamp NOT verified; formation date is proposed conservative eligibility session, not audited first bar."
101,JP,historical_30_user_fixed,historical_top_30,daily,20,6501.T,Hitachi,Diversified industrials,2021-10-04,2021-09-30,,6429000000000,USER_CONFIRMED_FROZEN_NO_RESELECTION,2026-10-03T12:57:28Z,https://www.jpx.co.jp/english/markets/statistics-equities/misc/b5b4pj000004dwnm-att/202109-e.pdf,,"Membership is fixed by explicit user choice. Do not automatically replace members after later rank corrections or data-quality findings. Source notes: File-specific publication timestamp NOT verified; formation date is proposed conservative eligibility session, not audited first bar."
102,JP,historical_30_user_fixed,historical_top_30,daily,21,7267.T,Honda Motor,Automotive,2021-10-04,2021-09-30,,6258400000000,USER_CONFIRMED_FROZEN_NO_RESELECTION,2026-10-03T12:57:28Z,https://www.jpx.co.jp/english/markets/statistics-equities/misc/b5b4pj000004dwnm-att/202109-e.pdf,,"Membership is fixed by explicit user choice. Do not automatically replace members after later rank corrections or data-quality findings. Source notes: File-specific publication timestamp NOT verified; formation date is proposed conservative eligibility session, not audited first bar."
103,JP,historical_30_user_fixed,historical_top_30,daily,22,4502.T,Takeda Pharmaceutical,Pharmaceuticals,2021-10-04,2021-09-30,,5852700000000,USER_CONFIRMED_FROZEN_NO_RESELECTION,2026-10-03T12:57:28Z,https://www.jpx.co.jp/english/markets/statistics-equities/misc/b5b4pj000004dwnm-att/202109-e.pdf,,"Membership is fixed by explicit user choice. Do not automatically replace members after later rank corrections or data-quality findings. Source notes: File-specific publication timestamp NOT verified; formation date is proposed conservative eligibility session, not audited first bar."
104,JP,historical_30_user_fixed,historical_top_30,daily,23,4568.T,Daiichi Sankyo,Pharmaceuticals,2021-10-04,2021-09-30,,5801100000000,USER_CONFIRMED_FROZEN_NO_RESELECTION,2026-10-03T12:57:28Z,https://www.jpx.co.jp/english/markets/statistics-equities/misc/b5b4pj000004dwnm-att/202109-e.pdf,,"Membership is fixed by explicit user choice. Do not automatically replace members after later rank corrections or data-quality findings. Source notes: File-specific publication timestamp NOT verified; formation date is proposed conservative eligibility session, not audited first bar."
105,JP,historical_30_user_fixed,historical_top_30,daily,24,6902.T,Denso,Automotive components,2021-10-04,2021-09-30,,5787400000000,USER_CONFIRMED_FROZEN_NO_RESELECTION,2026-10-03T12:57:28Z,https://www.jpx.co.jp/english/markets/statistics-equities/misc/b5b4pj000004dwnm-att/202109-e.pdf,,"Membership is fixed by explicit user choice. Do not automatically replace members after later rank corrections or data-quality findings. Source notes: File-specific publication timestamp NOT verified; formation date is proposed conservative eligibility session, not audited first bar."
106,JP,historical_30_user_fixed,historical_top_30,daily,25,4689.T,LY Corporation,Internet services,2021-10-04,2021-09-30,,5494900000000,USER_CONFIRMED_FROZEN_NO_RESELECTION,2026-10-03T12:57:28Z,https://www.jpx.co.jp/english/markets/statistics-equities/misc/b5b4pj000004dwnm-att/202109-e.pdf,,"Membership is fixed by explicit user choice. Do not automatically replace members after later rank corrections or data-quality findings. Source notes: Sep2021 name Z Holdings; current LY; reorganization/name change 2023-10-01 | File-specific publication timestamp NOT verified; formation date is proposed conservative eligibility session, not audited first bar."
107,JP,historical_30_user_fixed,historical_top_30,daily,26,2413.T,M3,Healthcare information services,2021-10-04,2021-09-30,,5425000000000,USER_CONFIRMED_FROZEN_NO_RESELECTION,2026-10-03T12:57:28Z,https://www.jpx.co.jp/english/markets/statistics-equities/misc/b5b4pj000004dwnm-att/202109-e.pdf,,"Membership is fixed by explicit user choice. Do not automatically replace members after later rank corrections or data-quality findings. Source notes: File-specific publication timestamp NOT verified; formation date is proposed conservative eligibility session, not audited first bar."
108,JP,historical_30_user_fixed,historical_top_30,daily,27,8316.T,Sumitomo Mitsui Financial Group,Bank,2021-10-04,2021-09-30,,5420400000000,USER_CONFIRMED_FROZEN_NO_RESELECTION,2026-10-03T12:57:28Z,https://www.jpx.co.jp/english/markets/statistics-equities/misc/b5b4pj000004dwnm-att/202109-e.pdf,,"Membership is fixed by explicit user choice. Do not automatically replace members after later rank corrections or data-quality findings. Source notes: File-specific publication timestamp NOT verified; formation date is proposed conservative eligibility session, not audited first bar."
109,JP,historical_30_user_fixed,historical_top_30,daily,28,8058.T,Mitsubishi Corporation,Diversified trading,2021-10-04,2021-09-30,,5253500000000,USER_CONFIRMED_FROZEN_NO_RESELECTION,2026-10-03T12:57:28Z,https://www.jpx.co.jp/english/markets/statistics-equities/misc/b5b4pj000004dwnm-att/202109-e.pdf,,"Membership is fixed by explicit user choice. Do not automatically replace members after later rank corrections or data-quality findings. Source notes: File-specific publication timestamp NOT verified; formation date is proposed conservative eligibility session, not audited first bar."
110,JP,historical_30_user_fixed,historical_top_30,daily,29,8001.T,ITOCHU,Diversified trading,2021-10-04,2021-09-30,,5193600000000,USER_CONFIRMED_FROZEN_NO_RESELECTION,2026-10-03T12:57:28Z,https://www.jpx.co.jp/english/markets/statistics-equities/misc/b5b4pj000004dwnm-att/202109-e.pdf,,"Membership is fixed by explicit user choice. Do not automatically replace members after later rank corrections or data-quality findings. Source notes: File-specific publication timestamp NOT verified; formation date is proposed conservative eligibility session, not audited first bar."
111,JP,historical_30_user_fixed,historical_top_30,daily,30,4901.T,Fujifilm Holdings,Imaging / healthcare,2021-10-04,2021-09-30,,4960400000000,USER_CONFIRMED_FROZEN_NO_RESELECTION,2026-10-03T12:57:28Z,https://www.jpx.co.jp/english/markets/statistics-equities/misc/b5b4pj000004dwnm-att/202109-e.pdf,,"Membership is fixed by explicit user choice. Do not automatically replace members after later rank corrections or data-quality findings. Source notes: File-specific publication timestamp NOT verified; formation date is proposed conservative eligibility session, not audited first bar."
112,JP,historical_30_user_fixed,historical_top_30,5m,1,7203.T,Toyota Motor,Automotive,2026-08-04,2026-07-31,,44762800000000,USER_CONFIRMED_FROZEN_NO_RESELECTION,2026-10-03T12:57:28Z,https://www.jpx.co.jp/english/markets/statistics-equities/misc/vk0khi00000256ky-att/202607_r.pdf,,"Membership is fixed by explicit user choice. Do not automatically replace members after later rank corrections or data-quality findings. Earlier-July maximum available 5m data precedes this list's original selection reference. Selection/look-ahead bias is retained deliberately; do not claim point-in-time stock selection. Source notes: File-specific publication timestamp NOT verified; formation date is proposed conservative eligibility session, not audited first bar."
113,JP,historical_30_user_fixed,historical_top_30,5m,2,8306.T,Mitsubishi UFJ Financial Group,Bank,2026-08-04,2026-07-31,,42379500000000,USER_CONFIRMED_FROZEN_NO_RESELECTION,2026-10-03T12:57:28Z,https://www.jpx.co.jp/english/markets/statistics-equities/misc/vk0khi00000256ky-att/202607_r.pdf,,"Membership is fixed by explicit user choice. Do not automatically replace members after later rank corrections or data-quality findings. Earlier-July maximum available 5m data precedes this list's original selection reference. Selection/look-ahead bias is retained deliberately; do not claim point-in-time stock selection. Source notes: File-specific publication timestamp NOT verified; formation date is proposed conservative eligibility session, not audited first bar."
114,JP,historical_30_user_fixed,historical_top_30,5m,3,9984.T,SoftBank Group,Investment holding,2026-08-04,2026-07-31,,30044300000000,USER_CONFIRMED_FROZEN_NO_RESELECTION,2026-10-03T12:57:28Z,https://www.jpx.co.jp/english/markets/statistics-equities/misc/vk0khi00000256ky-att/202607_r.pdf,,"Membership is fixed by explicit user choice. Do not automatically replace members after later rank corrections or data-quality findings. Earlier-July maximum available 5m data precedes this list's original selection reference. Selection/look-ahead bias is retained deliberately; do not claim point-in-time stock selection. Source notes: SoftBank Group investment holding company; distinct from SoftBank Corp 9434 | File-specific publication timestamp NOT verified; formation date is proposed conservative eligibility session, not audited first bar."
115,JP,historical_30_user_fixed,historical_top_30,5m,4,8316.T,Sumitomo Mitsui Financial Group,Bank,2026-08-04,2026-07-31,,26080500000000,USER_CONFIRMED_FROZEN_NO_RESELECTION,2026-10-03T12:57:28Z,https://www.jpx.co.jp/english/markets/statistics-equities/misc/vk0khi00000256ky-att/202607_r.pdf,,"Membership is fixed by explicit user choice. Do not automatically replace members after later rank corrections or data-quality findings. Earlier-July maximum available 5m data precedes this list's original selection reference. Selection/look-ahead bias is retained deliberately; do not claim point-in-time stock selection. Source notes: File-specific publication timestamp NOT verified; formation date is proposed conservative eligibility session, not audited first bar."
116,JP,historical_30_user_fixed,historical_top_30,5m,5,8035.T,Tokyo Electron,Semiconductor equipment,2026-08-04,2026-07-31,,25975800000000,USER_CONFIRMED_FROZEN_NO_RESELECTION,2026-10-03T12:57:28Z,https://www.jpx.co.jp/english/markets/statistics-equities/misc/vk0khi00000256ky-att/202607_r.pdf,,"Membership is fixed by explicit user choice. Do not automatically replace members after later rank corrections or data-quality findings. Earlier-July maximum available 5m data precedes this list's original selection reference. Selection/look-ahead bias is retained deliberately; do not claim point-in-time stock selection. Source notes: File-specific publication timestamp NOT verified; formation date is proposed conservative eligibility session, not audited first bar."
117,JP,historical_30_user_fixed,historical_top_30,5m,6,285A.T,Kioxia Holdings,Semiconductor memory / SSD,2026-08-04,2026-07-31,,25482700000000,USER_CONFIRMED_FROZEN_NO_RESELECTION,2026-10-03T12:57:28Z,https://www.jpx.co.jp/english/markets/statistics-equities/misc/vk0khi00000256ky-att/202607_r.pdf,,"Membership is fixed by explicit user choice. Do not automatically replace members after later rank corrections or data-quality findings. Earlier-July maximum available 5m data precedes this list's original selection reference. Selection/look-ahead bias is retained deliberately; do not claim point-in-time stock selection. Source notes: IPO 2024-12-18; no pre-IPO OHLCV; must not backfill five-year history | File-specific publication timestamp NOT verified; formation date is proposed conservative eligibility session, not audited first bar."
118,JP,historical_30_user_fixed,historical_top_30,5m,7,9983.T,Fast Retailing,Apparel retail,2026-08-04,2026-07-31,,24881600000000,USER_CONFIRMED_FROZEN_NO_RESELECTION,2026-10-03T12:57:28Z,https://www.jpx.co.jp/english/markets/statistics-equities/misc/vk0khi00000256ky-att/202607_r.pdf,,"Membership is fixed by explicit user choice. Do not automatically replace members after later rank corrections or data-quality findings. Earlier-July maximum available 5m data precedes this list's original selection reference. Selection/look-ahead bias is retained deliberately; do not claim point-in-time stock selection. Source notes: File-specific publication timestamp NOT verified; formation date is proposed conservative eligibility session, not audited first bar."
119,JP,historical_30_user_fixed,historical_top_30,5m,8,6501.T,Hitachi,Diversified industrials,2026-08-04,2026-07-31,,23888700000000,USER_CONFIRMED_FROZEN_NO_RESELECTION,2026-10-03T12:57:28Z,https://www.jpx.co.jp/english/markets/statistics-equities/misc/vk0khi00000256ky-att/202607_r.pdf,,"Membership is fixed by explicit user choice. Do not automatically replace members after later rank corrections or data-quality findings. Earlier-July maximum available 5m data precedes this list's original selection reference. Selection/look-ahead bias is retained deliberately; do not claim point-in-time stock selection. Source notes: File-specific publication timestamp NOT verified; formation date is proposed conservative eligibility session, not audited first bar."
120,JP,historical_30_user_fixed,historical_top_30,5m,9,6857.T,Advantest,Semiconductor testing,2026-08-04,2026-07-31,,23790000000000,USER_CONFIRMED_FROZEN_NO_RESELECTION,2026-10-03T12:57:28Z,https://www.jpx.co.jp/english/markets/statistics-equities/misc/vk0khi00000256ky-att/202607_r.pdf,,"Membership is fixed by explicit user choice. Do not automatically replace members after later rank corrections or data-quality findings. Earlier-July maximum available 5m data precedes this list's original selection reference. Selection/look-ahead bias is retained deliberately; do not claim point-in-time stock selection. Source notes: File-specific publication timestamp NOT verified; formation date is proposed conservative eligibility session, not audited first bar."
121,JP,historical_30_user_fixed,historical_top_30,5m,10,6758.T,Sony Group,Electronics / entertainment,2026-08-04,2026-07-31,,22590600000000,USER_CONFIRMED_FROZEN_NO_RESELECTION,2026-10-03T12:57:28Z,https://www.jpx.co.jp/english/markets/statistics-equities/misc/vk0khi00000256ky-att/202607_r.pdf,,"Membership is fixed by explicit user choice. Do not automatically replace members after later rank corrections or data-quality findings. Earlier-July maximum available 5m data precedes this list's original selection reference. Selection/look-ahead bias is retained deliberately; do not claim point-in-time stock selection. Source notes: Sony Financial Group partial spin-off Sep/Oct2025; distribution in kind requires corporate-action handling | File-specific publication timestamp NOT verified; formation date is proposed conservative eligibility session, not audited first bar."
122,JP,historical_30_user_fixed,historical_top_30,5m,11,8411.T,Mizuho Financial Group,Bank,2026-08-04,2026-07-31,,19950600000000,USER_CONFIRMED_FROZEN_NO_RESELECTION,2026-10-03T12:57:28Z,https://www.jpx.co.jp/english/markets/statistics-equities/misc/vk0khi00000256ky-att/202607_r.pdf,,"Membership is fixed by explicit user choice. Do not automatically replace members after later rank corrections or data-quality findings. Earlier-July maximum available 5m data precedes this list's original selection reference. Selection/look-ahead bias is retained deliberately; do not claim point-in-time stock selection. Source notes: File-specific publication timestamp NOT verified; formation date is proposed conservative eligibility session, not audited first bar."
123,JP,historical_30_user_fixed,historical_top_30,5m,12,6861.T,Keyence,Industrial automation,2026-08-04,2026-07-31,,19736300000000,USER_CONFIRMED_FROZEN_NO_RESELECTION,2026-10-03T12:57:28Z,https://www.jpx.co.jp/english/markets/statistics-equities/misc/vk0khi00000256ky-att/202607_r.pdf,,"Membership is fixed by explicit user choice. Do not automatically replace members after later rank corrections or data-quality findings. Earlier-July maximum available 5m data precedes this list's original selection reference. Selection/look-ahead bias is retained deliberately; do not claim point-in-time stock selection. Source notes: File-specific publication timestamp NOT verified; formation date is proposed conservative eligibility session, not audited first bar."
124,JP,historical_30_user_fixed,historical_top_30,5m,13,6098.T,Recruit Holdings,Recruitment / information services,2026-08-04,2026-07-31,,18479900000000,USER_CONFIRMED_FROZEN_NO_RESELECTION,2026-10-03T12:57:28Z,https://www.jpx.co.jp/english/markets/statistics-equities/misc/vk0khi00000256ky-att/202607_r.pdf,,"Membership is fixed by explicit user choice. Do not automatically replace members after later rank corrections or data-quality findings. Earlier-July maximum available 5m data precedes this list's original selection reference. Selection/look-ahead bias is retained deliberately; do not claim point-in-time stock selection. Source notes: File-specific publication timestamp NOT verified; formation date is proposed conservative eligibility session, not audited first bar."
125,JP,historical_30_user_fixed,historical_top_30,5m,14,8058.T,Mitsubishi Corporation,Diversified trading,2026-08-04,2026-07-31,,17721400000000,USER_CONFIRMED_FROZEN_NO_RESELECTION,2026-10-03T12:57:28Z,https://www.jpx.co.jp/english/markets/statistics-equities/misc/vk0khi00000256ky-att/202607_r.pdf,,"Membership is fixed by explicit user choice. Do not automatically replace members after later rank corrections or data-quality findings. Earlier-July maximum available 5m data precedes this list's original selection reference. Selection/look-ahead bias is retained deliberately; do not claim point-in-time stock selection. Source notes: File-specific publication timestamp NOT verified; formation date is proposed conservative eligibility session, not audited first bar."
126,JP,historical_30_user_fixed,historical_top_30,5m,15,8001.T,ITOCHU,Diversified trading,2026-08-04,2026-07-31,,15959800000000,USER_CONFIRMED_FROZEN_NO_RESELECTION,2026-10-03T12:57:28Z,https://www.jpx.co.jp/english/markets/statistics-equities/misc/vk0khi00000256ky-att/202607_r.pdf,,"Membership is fixed by explicit user choice. Do not automatically replace members after later rank corrections or data-quality findings. Earlier-July maximum available 5m data precedes this list's original selection reference. Selection/look-ahead bias is retained deliberately; do not claim point-in-time stock selection. Source notes: File-specific publication timestamp NOT verified; formation date is proposed conservative eligibility session, not audited first bar."
127,JP,historical_30_user_fixed,historical_top_30,5m,16,8766.T,Tokio Marine Holdings,Insurance,2026-08-04,2026-07-31,,15692400000000,USER_CONFIRMED_FROZEN_NO_RESELECTION,2026-10-03T12:57:28Z,https://www.jpx.co.jp/english/markets/statistics-equities/misc/vk0khi00000256ky-att/202607_r.pdf,,"Membership is fixed by explicit user choice. Do not automatically replace members after later rank corrections or data-quality findings. Earlier-July maximum available 5m data precedes this list's original selection reference. Selection/look-ahead bias is retained deliberately; do not claim point-in-time stock selection. Source notes: File-specific publication timestamp NOT verified; formation date is proposed conservative eligibility session, not audited first bar."
128,JP,historical_30_user_fixed,historical_top_30,5m,17,6981.T,Murata Manufacturing,Electronic components,2026-08-04,2026-07-31,,14557600000000,USER_CONFIRMED_FROZEN_NO_RESELECTION,2026-10-03T12:57:28Z,https://www.jpx.co.jp/english/markets/statistics-equities/misc/vk0khi00000256ky-att/202607_r.pdf,,"Membership is fixed by explicit user choice. Do not automatically replace members after later rank corrections or data-quality findings. Earlier-July maximum available 5m data precedes this list's original selection reference. Selection/look-ahead bias is retained deliberately; do not claim point-in-time stock selection. Source notes: File-specific publication timestamp NOT verified; formation date is proposed conservative eligibility session, not audited first bar."
129,JP,historical_30_user_fixed,historical_top_30,5m,18,8031.T,Mitsui & Co.,Diversified trading,2026-08-04,2026-07-31,,14142800000000,USER_CONFIRMED_FROZEN_NO_RESELECTION,2026-10-03T12:57:28Z,https://www.jpx.co.jp/english/markets/statistics-equities/misc/vk0khi00000256ky-att/202607_r.pdf,,"Membership is fixed by explicit user choice. Do not automatically replace members after later rank corrections or data-quality findings. Earlier-July maximum available 5m data precedes this list's original selection reference. Selection/look-ahead bias is retained deliberately; do not claim point-in-time stock selection. Source notes: File-specific publication timestamp NOT verified; formation date is proposed conservative eligibility session, not audited first bar."
130,JP,historical_30_user_fixed,historical_top_30,5m,19,7011.T,Mitsubishi Heavy Industries,Industrial machinery / aerospace,2026-08-04,2026-07-31,,12698400000000,USER_CONFIRMED_FROZEN_NO_RESELECTION,2026-10-03T12:57:28Z,https://www.jpx.co.jp/english/markets/statistics-equities/misc/vk0khi00000256ky-att/202607_r.pdf,,"Membership is fixed by explicit user choice. Do not automatically replace members after later rank corrections or data-quality findings. Earlier-July maximum available 5m data precedes this list's original selection reference. Selection/look-ahead bias is retained deliberately; do not claim point-in-time stock selection. Source notes: File-specific publication timestamp NOT verified; formation date is proposed conservative eligibility session, not audited first bar."
131,JP,historical_30_user_fixed,historical_top_30,5m,20,6503.T,Mitsubishi Electric,Electrical equipment,2026-08-04,2026-07-31,,12493200000000,USER_CONFIRMED_FROZEN_NO_RESELECTION,2026-10-03T12:57:28Z,https://www.jpx.co.jp/english/markets/statistics-equities/misc/vk0khi00000256ky-att/202607_r.pdf,,"Membership is fixed by explicit user choice. Do not automatically replace members after later rank corrections or data-quality findings. Earlier-July maximum available 5m data precedes this list's original selection reference. Selection/look-ahead bias is retained deliberately; do not claim point-in-time stock selection. Source notes: File-specific publication timestamp NOT verified; formation date is proposed conservative eligibility session, not audited first bar."
132,JP,historical_30_user_fixed,historical_top_30,5m,21,9433.T,KDDI,Telecommunications,2026-08-04,2026-07-31,,11705700000000,USER_CONFIRMED_FROZEN_NO_RESELECTION,2026-10-03T12:57:28Z,https://www.jpx.co.jp/english/markets/statistics-equities/misc/vk0khi00000256ky-att/202607_r.pdf,,"Membership is fixed by explicit user choice. Do not automatically replace members after later rank corrections or data-quality findings. Earlier-July maximum available 5m data precedes this list's original selection reference. Selection/look-ahead bias is retained deliberately; do not claim point-in-time stock selection. Source notes: File-specific publication timestamp NOT verified; formation date is proposed conservative eligibility session, not audited first bar."
133,JP,historical_30_user_fixed,historical_top_30,5m,22,4519.T,Chugai Pharmaceutical,Pharmaceuticals,2026-08-04,2026-07-31,,11639200000000,USER_CONFIRMED_FROZEN_NO_RESELECTION,2026-10-03T12:57:28Z,https://www.jpx.co.jp/english/markets/statistics-equities/misc/vk0khi00000256ky-att/202607_r.pdf,,"Membership is fixed by explicit user choice. Do not automatically replace members after later rank corrections or data-quality findings. Earlier-July maximum available 5m data precedes this list's original selection reference. Selection/look-ahead bias is retained deliberately; do not claim point-in-time stock selection. Source notes: File-specific publication timestamp NOT verified; formation date is proposed conservative eligibility session, not audited first bar."
134,JP,historical_30_user_fixed,historical_top_30,5m,23,4063.T,Shin-Etsu Chemical,Chemicals / semiconductor materials,2026-08-04,2026-07-31,,11512900000000,USER_CONFIRMED_FROZEN_NO_RESELECTION,2026-10-03T12:57:28Z,https://www.jpx.co.jp/english/markets/statistics-equities/misc/vk0khi00000256ky-att/202607_r.pdf,,"Membership is fixed by explicit user choice. Do not automatically replace members after later rank corrections or data-quality findings. Earlier-July maximum available 5m data precedes this list's original selection reference. Selection/look-ahead bias is retained deliberately; do not claim point-in-time stock selection. Source notes: File-specific publication timestamp NOT verified; formation date is proposed conservative eligibility session, not audited first bar."
135,JP,historical_30_user_fixed,historical_top_30,5m,24,7182.T,Japan Post Bank,Bank,2026-08-04,2026-07-31,,11124500000000,USER_CONFIRMED_FROZEN_NO_RESELECTION,2026-10-03T12:57:28Z,https://www.jpx.co.jp/english/markets/statistics-equities/misc/vk0khi00000256ky-att/202607_r.pdf,,"Membership is fixed by explicit user choice. Do not automatically replace members after later rank corrections or data-quality findings. Earlier-July maximum available 5m data precedes this list's original selection reference. Selection/look-ahead bias is retained deliberately; do not claim point-in-time stock selection. Source notes: File-specific publication timestamp NOT verified; formation date is proposed conservative eligibility session, not audited first bar."
136,JP,historical_30_user_fixed,historical_top_30,5m,25,9434.T,SoftBank,Telecommunications,2026-08-04,2026-07-31,,10727000000000,USER_CONFIRMED_FROZEN_NO_RESELECTION,2026-10-03T12:57:28Z,https://www.jpx.co.jp/english/markets/statistics-equities/misc/vk0khi00000256ky-att/202607_r.pdf,,"Membership is fixed by explicit user choice. Do not automatically replace members after later rank corrections or data-quality findings. Earlier-July maximum available 5m data precedes this list's original selection reference. Selection/look-ahead bias is retained deliberately; do not claim point-in-time stock selection. Source notes: File-specific publication timestamp NOT verified; formation date is proposed conservative eligibility session, not audited first bar."
137,JP,historical_30_user_fixed,historical_top_30,5m,26,6752.T,Panasonic Holdings,Electronics / batteries,2026-08-04,2026-07-31,,10516000000000,USER_CONFIRMED_FROZEN_NO_RESELECTION,2026-10-03T12:57:28Z,https://www.jpx.co.jp/english/markets/statistics-equities/misc/vk0khi00000256ky-att/202607_r.pdf,,"Membership is fixed by explicit user choice. Do not automatically replace members after later rank corrections or data-quality findings. Earlier-July maximum available 5m data precedes this list's original selection reference. Selection/look-ahead bias is retained deliberately; do not claim point-in-time stock selection. Source notes: File-specific publication timestamp NOT verified; formation date is proposed conservative eligibility session, not audited first bar."
138,JP,historical_30_user_fixed,historical_top_30,5m,27,7974.T,Nintendo,Video games,2026-08-04,2026-07-31,,9884800000000,USER_CONFIRMED_FROZEN_NO_RESELECTION,2026-10-03T12:57:28Z,https://www.jpx.co.jp/english/markets/statistics-equities/misc/vk0khi00000256ky-att/202607_r.pdf,,"Membership is fixed by explicit user choice. Do not automatically replace members after later rank corrections or data-quality findings. Earlier-July maximum available 5m data precedes this list's original selection reference. Selection/look-ahead bias is retained deliberately; do not claim point-in-time stock selection. Source notes: File-specific publication timestamp NOT verified; formation date is proposed conservative eligibility session, not audited first bar."
139,JP,historical_30_user_fixed,historical_top_30,5m,28,2914.T,Japan Tobacco,Tobacco,2026-08-04,2026-07-31,,9513300000000,USER_CONFIRMED_FROZEN_NO_RESELECTION,2026-10-03T12:57:28Z,https://www.jpx.co.jp/english/markets/statistics-equities/misc/vk0khi00000256ky-att/202607_r.pdf,,"Membership is fixed by explicit user choice. Do not automatically replace members after later rank corrections or data-quality findings. Earlier-July maximum available 5m data precedes this list's original selection reference. Selection/look-ahead bias is retained deliberately; do not claim point-in-time stock selection. Source notes: File-specific publication timestamp NOT verified; formation date is proposed conservative eligibility session, not audited first bar."
140,JP,historical_30_user_fixed,historical_top_30,5m,29,9432.T,NTT,Telecommunications,2026-08-04,2026-07-31,,9352300000000,USER_CONFIRMED_FROZEN_NO_RESELECTION,2026-10-03T12:57:28Z,https://www.jpx.co.jp/english/markets/statistics-equities/misc/vk0khi00000256ky-att/202607_r.pdf,,"Membership is fixed by explicit user choice. Do not automatically replace members after later rank corrections or data-quality findings. Earlier-July maximum available 5m data precedes this list's original selection reference. Selection/look-ahead bias is retained deliberately; do not claim point-in-time stock selection. Source notes: Sep2021 Nippon Telegraph and Telephone; current NTT | File-specific publication timestamp NOT verified; formation date is proposed conservative eligibility session, not audited first bar."
141,JP,historical_30_user_fixed,historical_top_30,5m,30,4502.T,Takeda Pharmaceutical,Pharmaceuticals,2026-08-04,2026-07-31,,8832100000000,USER_CONFIRMED_FROZEN_NO_RESELECTION,2026-10-03T12:57:28Z,https://www.jpx.co.jp/english/markets/statistics-equities/misc/vk0khi00000256ky-att/202607_r.pdf,,"Membership is fixed by explicit user choice. Do not automatically replace members after later rank corrections or data-quality findings. Earlier-July maximum available 5m data precedes this list's original selection reference. Selection/look-ahead bias is retained deliberately; do not claim point-in-time stock selection. Source notes: File-specific publication timestamp NOT verified; formation date is proposed conservative eligibility session, not audited first bar."
142,US,historical_30_user_fixed,historical_top_30_INCOMPLETE_REVIEW_ONLY,daily,1,AAPL,APPLE INC,Technology,2021-10-04,2021-03-31,2358028079007.87361780708000,,USER_CONFIRMED_FROZEN_NO_RESELECTION,2026-10-03T12:57:28Z,https://data.sec.gov/api/xbrl/companyconcept/CIK0000320193/dei/EntityCommonStockSharesOutstanding.json,https://www.pwc.es/es/auditoria/assets/pwc-global-top-100-companies-2021.pdf,Membership is fixed by explicit user choice. Do not automatically replace members after later rank corrections or data-quality findings. This preserves an earlier provisional computable-subset selection; it is not a certified full-US-market Top30. Source notes: Uses latest selected pre-cutoff public share observation and Yahoo Close restored with vendor split factors; stale-share and vendor/corporate-action biases remain; no dividend Adj Close used.
143,US,historical_30_user_fixed,historical_top_30_INCOMPLETE_REVIEW_ONLY,daily,2,MSFT,MICROSOFT CORP,Technology,2021-10-04,2021-03-31,2172555105664.0559644714688,,USER_CONFIRMED_FROZEN_NO_RESELECTION,2026-10-03T12:57:28Z,https://data.sec.gov/api/xbrl/companyconcept/CIK0000789019/dei/EntityCommonStockSharesOutstanding.json,https://www.pwc.es/es/auditoria/assets/pwc-global-top-100-companies-2021.pdf,Membership is fixed by explicit user choice. Do not automatically replace members after later rank corrections or data-quality findings. This preserves an earlier provisional computable-subset selection; it is not a certified full-US-market Top30. Source notes: Uses latest selected pre-cutoff public share observation and Yahoo Close restored with vendor split factors; stale-share and vendor/corporate-action biases remain; no dividend Adj Close used.
144,US,historical_30_user_fixed,historical_top_30_INCOMPLETE_REVIEW_ONLY,daily,3,GOOGL,ALPHABET INC,Technology,2021-10-04,2021-03-31,1820298781706.91283915508280,,USER_CONFIRMED_FROZEN_NO_RESELECTION,2026-10-03T12:57:28Z,https://www.sec.gov/Archives/edgar/data/1652044/000165204421000047/goog-20210630.htm,https://www.pwc.es/es/auditoria/assets/pwc-global-top-100-companies-2021.pdf,"Membership is fixed by explicit user choice. Do not automatically replace members after later rank corrections or data-quality findings. This preserves an earlier provisional computable-subset selection; it is not a certified full-US-market Top30. Source notes: Unlisted economically equivalent classes use the disclosed listed-class price proxy. Uses the latest eligible 10-Q or 10-K, published before formation, not formation-day observed outstanding shares. Buybacks, issuance and class conversion after the disclosed dates are not reconstructed. Options, RSUs, convertibles and preferred stock are not added to core common-equity valuation. 2026 Alphabet cover counts are rounded to millions; other cover counts are whole-share counts. Visa rates are rounded to4decimals."
145,US,historical_30_user_fixed,historical_top_30_INCOMPLETE_REVIEW_ONLY,daily,4,AMZN,AMAZON.COM INC,Consumer Discretionary,2021-10-04,2021-03-31,1662775844819.55561341844800,,USER_CONFIRMED_FROZEN_NO_RESELECTION,2026-10-03T12:57:28Z,https://data.sec.gov/api/xbrl/companyconcept/CIK0001018724/dei/EntityCommonStockSharesOutstanding.json,https://www.pwc.es/es/auditoria/assets/pwc-global-top-100-companies-2021.pdf,Membership is fixed by explicit user choice. Do not automatically replace members after later rank corrections or data-quality findings. This preserves an earlier provisional computable-subset selection; it is not a certified full-US-market Top30. Source notes: Uses latest selected pre-cutoff public share observation and Yahoo Close restored with vendor split factors; stale-share and vendor/corporate-action biases remain; no dividend Adj Close used.
146,US,historical_30_user_fixed,historical_top_30_INCOMPLETE_REVIEW_ONLY,daily,5,META,FACEBOOK INC,Technology,2021-10-04,2021-03-31,967097685821.647705078125,,USER_CONFIRMED_FROZEN_NO_RESELECTION,2026-10-03T12:57:28Z,https://www.sec.gov/Archives/edgar/data/1326801/000132680121000049/fb-20210630.htm,https://www.pwc.es/es/auditoria/assets/pwc-global-top-100-companies-2021.pdf,"Membership is fixed by explicit user choice. Do not automatically replace members after later rank corrections or data-quality findings. This preserves an earlier provisional computable-subset selection; it is not a certified full-US-market Top30. Source notes: Unlisted economically equivalent classes use the disclosed listed-class price proxy. Uses the latest eligible 10-Q or 10-K, published before formation, not formation-day observed outstanding shares. Buybacks, issuance and class conversion after the disclosed dates are not reconstructed. Options, RSUs, convertibles and preferred stock are not added to core common-equity valuation. 2026 Alphabet cover counts are rounded to millions; other cover counts are whole-share counts. Visa rates are rounded to4decimals."
147,US,historical_30_user_fixed,historical_top_30_INCOMPLETE_REVIEW_ONLY,daily,6,TSLA,TESLA INC,Consumer Discretionary,2021-10-04,2021-03-31,767479582206.13952636718750,,USER_CONFIRMED_FROZEN_NO_RESELECTION,2026-10-03T12:57:28Z,https://data.sec.gov/api/xbrl/companyconcept/CIK0001318605/dei/EntityCommonStockSharesOutstanding.json,https://www.pwc.es/es/auditoria/assets/pwc-global-top-100-companies-2021.pdf,Membership is fixed by explicit user choice. Do not automatically replace members after later rank corrections or data-quality findings. This preserves an earlier provisional computable-subset selection; it is not a certified full-US-market Top30. Source notes: Uses latest selected pre-cutoff public share observation and Yahoo Close restored with vendor split factors; stale-share and vendor/corporate-action biases remain; no dividend Adj Close used.
148,US,historical_30_user_fixed,historical_top_30_INCOMPLETE_REVIEW_ONLY,daily,7,BRK-B,BERKSHIRE HATHAWAY,Financials,2021-10-04,2021-03-31,624080933223.7903721391100,,USER_CONFIRMED_FROZEN_NO_RESELECTION,2026-10-03T12:57:28Z,https://www.sec.gov/Archives/edgar/data/1067983/000156459021042312/brka-10q_20210630.htm,https://www.pwc.es/es/auditoria/assets/pwc-global-top-100-companies-2021.pdf,"Membership is fixed by explicit user choice. Do not automatically replace members after later rank corrections or data-quality findings. This preserves an earlier provisional computable-subset selection; it is not a certified full-US-market Top30. Source notes: Berkshire A and B use their separate actual historical class quotes; no B-price equivalent proxy needed. Uses the latest eligible 10-Q or 10-K, published before formation, not formation-day observed outstanding shares. Buybacks, issuance and class conversion after the disclosed dates are not reconstructed. Options, RSUs, convertibles and preferred stock are not added to core common-equity valuation. 2026 Alphabet cover counts are rounded to millions; other cover counts are whole-share counts. Visa rates are rounded to4decimals."
149,US,historical_30_user_fixed,historical_top_30_INCOMPLETE_REVIEW_ONLY,daily,8,TSM,TSMC,Technology,2021-10-04,2021-03-31,578558636117.577416992187500,,USER_CONFIRMED_FROZEN_NO_RESELECTION,2026-10-03T12:57:28Z,https://data.sec.gov/api/xbrl/companyconcept/CIK0001046179/dei/EntityCommonStockSharesOutstanding.json,https://www.pwc.es/es/auditoria/assets/pwc-global-top-100-companies-2021.pdf,Membership is fixed by explicit user choice. Do not automatically replace members after later rank corrections or data-quality findings. This preserves an earlier provisional computable-subset selection; it is not a certified full-US-market Top30. Source notes: Multiply quote_equivalent_shares_at_price by historical as-traded quote at price_date; do NOT apply observation-to-price splits again; restore split-adjusted Yahoo quote separately Stale publicly known SEC instant shares; not claimed exact daily shares or latest among all untagged filings. Ratio/event source: https://www.sec.gov/Archives/edgar/data/1046179/000119312521118512/d94821dex2a1.htm
150,US,historical_30_user_fixed,historical_top_30_INCOMPLETE_REVIEW_ONLY,daily,9,NVDA,NVIDIA CORP,Technology,2021-10-04,2021-03-31,518550014495.849600000000000,,USER_CONFIRMED_FROZEN_NO_RESELECTION,2026-10-03T12:57:28Z,https://data.sec.gov/api/xbrl/companyconcept/CIK0001045810/dei/EntityCommonStockSharesOutstanding.json,https://www.pwc.es/es/auditoria/assets/pwc-global-top-100-companies-2021.pdf,Membership is fixed by explicit user choice. Do not automatically replace members after later rank corrections or data-quality findings. This preserves an earlier provisional computable-subset selection; it is not a certified full-US-market Top30. Source notes: Uses latest selected pre-cutoff public share observation and Yahoo Close restored with vendor split factors; stale-share and vendor/corporate-action biases remain; no dividend Adj Close used.
151,US,historical_30_user_fixed,historical_top_30_INCOMPLETE_REVIEW_ONLY,daily,10,JPM,JPMORGAN CHASE,Financials,2021-10-04,2021-03-31,499410419071.7523193359375,,USER_CONFIRMED_FROZEN_NO_RESELECTION,2026-10-03T12:57:28Z,https://data.sec.gov/api/xbrl/companyconcept/CIK0000019617/dei/EntityCommonStockSharesOutstanding.json,https://www.pwc.es/es/auditoria/assets/pwc-global-top-100-companies-2021.pdf,Membership is fixed by explicit user choice. Do not automatically replace members after later rank corrections or data-quality findings. This preserves an earlier provisional computable-subset selection; it is not a certified full-US-market Top30. Source notes: Uses latest selected pre-cutoff public share observation and Yahoo Close restored with vendor split factors; stale-share and vendor/corporate-action biases remain; no dividend Adj Close used.
152,US,historical_30_user_fixed,historical_top_30_INCOMPLETE_REVIEW_ONLY,daily,11,V,VISA INC,Industrials,2021-10-04,2021-03-31,490146275811.4692344404379616,,USER_CONFIRMED_FROZEN_NO_RESELECTION,2026-10-03T12:57:28Z,https://www.sec.gov/Archives/edgar/data/1403161/000140316121000042/v-20210630.htm,https://www.pwc.es/es/auditoria/assets/pwc-global-top-100-companies-2021.pdf,"Membership is fixed by explicit user choice. Do not automatically replace members after later rank corrections or data-quality findings. This preserves an earlier provisional computable-subset selection; it is not a certified full-US-market Top30. Source notes: Unlisted economically equivalent classes use the disclosed listed-class price proxy. Uses the latest eligible 10-Q or 10-K, published before formation, not formation-day observed outstanding shares. Buybacks, issuance and class conversion after the disclosed dates are not reconstructed. Options, RSUs, convertibles and preferred stock are not added to core common-equity valuation. 2026 Alphabet cover counts are rounded to millions; other cover counts are whole-share counts. Visa rates are rounded to4decimals."
153,US,historical_30_user_fixed,historical_top_30_INCOMPLETE_REVIEW_ONLY,daily,12,JNJ,JOHNSON & JOHNSON,Health Care,2021-10-04,2021-03-31,422434404516.71910304852704,,USER_CONFIRMED_FROZEN_NO_RESELECTION,2026-10-03T12:57:28Z,https://data.sec.gov/api/xbrl/companyconcept/CIK0000200406/dei/EntityCommonStockSharesOutstanding.json,https://www.pwc.es/es/auditoria/assets/pwc-global-top-100-companies-2021.pdf,Membership is fixed by explicit user choice. Do not automatically replace members after later rank corrections or data-quality findings. This preserves an earlier provisional computable-subset selection; it is not a certified full-US-market Top30. Source notes: Uses latest selected pre-cutoff public share observation and Yahoo Close restored with vendor split factors; stale-share and vendor/corporate-action biases remain; no dividend Adj Close used.
154,US,historical_30_user_fixed,historical_top_30_INCOMPLETE_REVIEW_ONLY,daily,13,BABA,ALIBABA GRP,Consumer Discretionary,2021-10-04,2021-03-31,391125033572.6764407650882,,USER_CONFIRMED_FROZEN_NO_RESELECTION,2026-10-03T12:57:28Z,https://data.sec.gov/api/xbrl/companyconcept/CIK0001577552/dei/EntityCommonStockSharesOutstanding.json,https://www.pwc.es/es/auditoria/assets/pwc-global-top-100-companies-2021.pdf,Membership is fixed by explicit user choice. Do not automatically replace members after later rank corrections or data-quality findings. This preserves an earlier provisional computable-subset selection; it is not a certified full-US-market Top30. Source notes: Multiply quote_equivalent_shares_at_price by historical as-traded quote at price_date; do NOT apply observation-to-price splits again; restore split-adjusted Yahoo quote separately Stale publicly known SEC instant shares; not claimed exact daily shares or latest among all untagged filings. Ratio/event source: https://www.sec.gov/Archives/edgar/data/1577552/000110465921096092/baba-20210331x20f.htm
155,US,historical_30_user_fixed,historical_top_30_INCOMPLETE_REVIEW_ONLY,daily,14,WMT,WALMART INC,Consumer Discretionary,2021-10-04,2021-03-31,382163634192.62001603092112,,USER_CONFIRMED_FROZEN_NO_RESELECTION,2026-10-03T12:57:28Z,https://data.sec.gov/api/xbrl/companyconcept/CIK0000104169/dei/EntityCommonStockSharesOutstanding.json,https://www.pwc.es/es/auditoria/assets/pwc-global-top-100-companies-2021.pdf,Membership is fixed by explicit user choice. Do not automatically replace members after later rank corrections or data-quality findings. This preserves an earlier provisional computable-subset selection; it is not a certified full-US-market Top30. Source notes: Uses latest selected pre-cutoff public share observation and Yahoo Close restored with vendor split factors; stale-share and vendor/corporate-action biases remain; no dividend Adj Close used.
156,US,historical_30_user_fixed,historical_top_30_INCOMPLETE_REVIEW_ONLY,daily,15,UNH,UNITEDHEALTH GRP,Health Care,2021-10-04,2021-03-31,370029055033.24694824218750,,USER_CONFIRMED_FROZEN_NO_RESELECTION,2026-10-03T12:57:28Z,https://data.sec.gov/api/xbrl/companyconcept/CIK0000731766/dei/EntityCommonStockSharesOutstanding.json,https://www.pwc.es/es/auditoria/assets/pwc-global-top-100-companies-2021.pdf,Membership is fixed by explicit user choice. Do not automatically replace members after later rank corrections or data-quality findings. This preserves an earlier provisional computable-subset selection; it is not a certified full-US-market Top30. Source notes: Uses latest selected pre-cutoff public share observation and Yahoo Close restored with vendor split factors; stale-share and vendor/corporate-action biases remain; no dividend Adj Close used.
157,US,historical_30_user_fixed,historical_top_30_INCOMPLETE_REVIEW_ONLY,daily,16,BAC,BANK OF AMERICA,Financials,2021-10-04,2021-03-31,362514074601.62921720425189,,USER_CONFIRMED_FROZEN_NO_RESELECTION,2026-10-03T12:57:28Z,https://data.sec.gov/api/xbrl/companyconcept/CIK0000070858/dei/EntityCommonStockSharesOutstanding.json,https://www.pwc.es/es/auditoria/assets/pwc-global-top-100-companies-2021.pdf,Membership is fixed by explicit user choice. Do not automatically replace members after later rank corrections or data-quality findings. This preserves an earlier provisional computable-subset selection; it is not a certified full-US-market Top30. Source notes: Uses latest selected pre-cutoff public share observation and Yahoo Close restored with vendor split factors; stale-share and vendor/corporate-action biases remain; no dividend Adj Close used.
158,US,historical_30_user_fixed,historical_top_30_INCOMPLETE_REVIEW_ONLY,daily,17,MA,MASTERCARD INC,Industrials,2021-10-04,2021-03-31,355416627400.20373535156250,,USER_CONFIRMED_FROZEN_NO_RESELECTION,2026-10-03T12:57:28Z,https://www.sec.gov/Archives/edgar/data/1141391/000114139121000156/ma-20210630.htm,https://www.pwc.es/es/auditoria/assets/pwc-global-top-100-companies-2021.pdf,"Membership is fixed by explicit user choice. Do not automatically replace members after later rank corrections or data-quality findings. This preserves an earlier provisional computable-subset selection; it is not a certified full-US-market Top30. Source notes: Unlisted economically equivalent classes use the disclosed listed-class price proxy. Uses the latest eligible 10-Q or 10-K, published before formation, not formation-day observed outstanding shares. Buybacks, issuance and class conversion after the disclosed dates are not reconstructed. Options, RSUs, convertibles and preferred stock are not added to core common-equity valuation. 2026 Alphabet cover counts are rounded to millions; other cover counts are whole-share counts. Visa rates are rounded to4decimals."
159,US,historical_30_user_fixed,historical_top_30_INCOMPLETE_REVIEW_ONLY,daily,18,HD,HOME DEPOT INC,Consumer Discretionary,2021-10-04,2021-03-31,348120604003.2041015625000,,USER_CONFIRMED_FROZEN_NO_RESELECTION,2026-10-03T12:57:28Z,https://data.sec.gov/api/xbrl/companyconcept/CIK0000354950/dei/EntityCommonStockSharesOutstanding.json,https://www.pwc.es/es/auditoria/assets/pwc-global-top-100-companies-2021.pdf,Membership is fixed by explicit user choice. Do not automatically replace members after later rank corrections or data-quality findings. This preserves an earlier provisional computable-subset selection; it is not a certified full-US-market Top30. Source notes: Uses latest selected pre-cutoff public share observation and Yahoo Close restored with vendor split factors; stale-share and vendor/corporate-action biases remain; no dividend Adj Close used.
160,US,historical_30_user_fixed,historical_top_30_INCOMPLETE_REVIEW_ONLY,daily,19,PG,PROCTER & GAMBLE,Consumer Staples,2021-10-04,2021-03-31,338819968357.6677244346078,,USER_CONFIRMED_FROZEN_NO_RESELECTION,2026-10-03T12:57:28Z,https://data.sec.gov/api/xbrl/companyconcept/CIK0000080424/dei/EntityCommonStockSharesOutstanding.json,https://www.pwc.es/es/auditoria/assets/pwc-global-top-100-companies-2021.pdf,Membership is fixed by explicit user choice. Do not automatically replace members after later rank corrections or data-quality findings. This preserves an earlier provisional computable-subset selection; it is not a certified full-US-market Top30. Source notes: Uses latest selected pre-cutoff public share observation and Yahoo Close restored with vendor split factors; stale-share and vendor/corporate-action biases remain; no dividend Adj Close used.
161,US,historical_30_user_fixed,historical_top_30_INCOMPLETE_REVIEW_ONLY,daily,20,DIS,WALT DISNEY CO,Consumer Discretionary,2021-10-04,2021-03-31,319832442004.17549587582430,,USER_CONFIRMED_FROZEN_NO_RESELECTION,2026-10-03T12:57:28Z,https://data.sec.gov/api/xbrl/companyconcept/CIK0001744489/dei/EntityCommonStockSharesOutstanding.json,https://www.pwc.es/es/auditoria/assets/pwc-global-top-100-companies-2021.pdf,Membership is fixed by explicit user choice. Do not automatically replace members after later rank corrections or data-quality findings. This preserves an earlier provisional computable-subset selection; it is not a certified full-US-market Top30. Source notes: Uses latest selected pre-cutoff public share observation and Yahoo Close restored with vendor split factors; stale-share and vendor/corporate-action biases remain; no dividend Adj Close used.
162,US,historical_30_user_fixed,historical_top_30_INCOMPLETE_REVIEW_ONLY,daily,21,ASML,ASML HOLDING NV,Technology,2021-10-04,2021-03-31,308974274544.6600550053892,,USER_CONFIRMED_FROZEN_NO_RESELECTION,2026-10-03T12:57:28Z,https://data.sec.gov/api/xbrl/companyconcept/CIK0000937966/dei/EntityCommonStockSharesOutstanding.json,https://www.pwc.es/es/auditoria/assets/pwc-global-top-100-companies-2021.pdf,"Membership is fixed by explicit user choice. Do not automatically replace members after later rank corrections or data-quality findings. This preserves an earlier provisional computable-subset selection; it is not a certified full-US-market Top30. Source notes: Multiply quote_equivalent_shares_at_price by historical as-traded quote at price_date; do NOT apply observation-to-price splits again; restore split-adjusted Yahoo quote separately Stale publicly known SEC instant shares; not claimed exact daily shares or latest among all untagged filings. Nasdaq registered ordinary shares, not ADS; one quote unit equals one ordinary share. Ratio/event source: https://www.asml.com/en/investors/shares"
163,US,historical_30_user_fixed,historical_top_30_INCOMPLETE_REVIEW_ONLY,daily,22,ADBE,ADOBE INC,Technology,2021-10-04,2021-03-31,274760212060.546875000000,,USER_CONFIRMED_FROZEN_NO_RESELECTION,2026-10-03T12:57:28Z,https://data.sec.gov/api/xbrl/companyconcept/CIK0000796343/dei/EntityCommonStockSharesOutstanding.json,https://www.pwc.es/es/auditoria/assets/pwc-global-top-100-companies-2021.pdf,Membership is fixed by explicit user choice. Do not automatically replace members after later rank corrections or data-quality findings. This preserves an earlier provisional computable-subset selection; it is not a certified full-US-market Top30. Source notes: Uses latest selected pre-cutoff public share observation and Yahoo Close restored with vendor split factors; stale-share and vendor/corporate-action biases remain; no dividend Adj Close used.
164,US,historical_30_user_fixed,historical_top_30_INCOMPLETE_REVIEW_ONLY,daily,23,NFLX,NETFLIX INC,Consumer Discretionary,2021-10-04,2021-03-31,271377662649.070432910577920,,USER_CONFIRMED_FROZEN_NO_RESELECTION,2026-10-03T12:57:28Z,https://data.sec.gov/api/xbrl/companyconcept/CIK0001065280/dei/EntityCommonStockSharesOutstanding.json,https://www.pwc.es/es/auditoria/assets/pwc-global-top-100-companies-2021.pdf,Membership is fixed by explicit user choice. Do not automatically replace members after later rank corrections or data-quality findings. This preserves an earlier provisional computable-subset selection; it is not a certified full-US-market Top30. Source notes: Uses latest selected pre-cutoff public share observation and Yahoo Close restored with vendor split factors; stale-share and vendor/corporate-action biases remain; no dividend Adj Close used.
165,US,historical_30_user_fixed,historical_top_30_INCOMPLETE_REVIEW_ONLY,daily,24,CRM,SALESFORCE.COM,Technology,2021-10-04,2021-03-31,269479549560.546875000000,,USER_CONFIRMED_FROZEN_NO_RESELECTION,2026-10-03T12:57:28Z,https://data.sec.gov/api/xbrl/companyconcept/CIK0001108524/dei/EntityCommonStockSharesOutstanding.json,https://www.pwc.es/es/auditoria/assets/pwc-global-top-100-companies-2021.pdf,Membership is fixed by explicit user choice. Do not automatically replace members after later rank corrections or data-quality findings. This preserves an earlier provisional computable-subset selection; it is not a certified full-US-market Top30. Source notes: Uses latest selected pre-cutoff public share observation and Yahoo Close restored with vendor split factors; stale-share and vendor/corporate-action biases remain; no dividend Adj Close used.
166,US,historical_30_user_fixed,historical_top_30_INCOMPLETE_REVIEW_ONLY,daily,25,CMCSA,COMCAST CORP,Telecommunications,2021-10-04,2021-03-31,262578862301.3824488541382865,,USER_CONFIRMED_FROZEN_NO_RESELECTION,2026-10-03T12:57:28Z,https://www.sec.gov/Archives/edgar/data/1166691/000116669121000029/cmcsa-20210630.htm,https://www.pwc.es/es/auditoria/assets/pwc-global-top-100-companies-2021.pdf,Membership is fixed by explicit user choice. Do not automatically replace members after later rank corrections or data-quality findings. This preserves an earlier provisional computable-subset selection; it is not a certified full-US-market Top30. Source notes: Multiply quote_equivalent_shares_at_price by historical as-traded quote at price_date; do NOT apply observation-to-price splits again; restore split-adjusted Yahoo quote separately ClassA4580292854 + ClassB9444375. Explicit unlisted-B-at-listed-A valuation proxy; preferred equity excluded. Ratio/event source: 
167,US,historical_30_user_fixed,historical_top_30_INCOMPLETE_REVIEW_ONLY,daily,26,XOM,EXXON MOBIL CORP,Energy,2021-10-04,2021-03-31,257950989824.79086537455026,,USER_CONFIRMED_FROZEN_NO_RESELECTION,2026-10-03T12:57:28Z,https://data.sec.gov/api/xbrl/companyconcept/CIK0000034088/dei/EntityCommonStockSharesOutstanding.json,https://www.pwc.es/es/auditoria/assets/pwc-global-top-100-companies-2021.pdf,Membership is fixed by explicit user choice. Do not automatically replace members after later rank corrections or data-quality findings. This preserves an earlier provisional computable-subset selection; it is not a certified full-US-market Top30. Source notes: Uses latest selected pre-cutoff public share observation and Yahoo Close restored with vendor split factors; stale-share and vendor/corporate-action biases remain; no dividend Adj Close used.
168,US,historical_30_user_fixed,historical_top_30_INCOMPLETE_REVIEW_ONLY,daily,27,TM,TOYOTA MOTOR,Consumer Discretionary,2021-10-04,2021-03-31,248308193668.5534667968750,,USER_CONFIRMED_FROZEN_NO_RESELECTION,2026-10-03T12:57:28Z,https://data.sec.gov/api/xbrl/companyconcept/CIK0001094517/dei/EntityCommonStockSharesOutstanding.json,https://www.pwc.es/es/auditoria/assets/pwc-global-top-100-companies-2021.pdf,"Membership is fixed by explicit user choice. Do not automatically replace members after later rank corrections or data-quality findings. This preserves an earlier provisional computable-subset selection; it is not a certified full-US-market Top30. Source notes: Multiply quote_equivalent_shares_at_price by historical as-traded quote at price_date; do NOT apply observation-to-price splits again; restore split-adjusted Yahoo quote separately Stale publicly known SEC instant shares; not claimed exact daily shares or latest among all untagged filings. Ordinary shares split5:1 effective2021-10-01; ADS ratio2-to-10 changes with no change in ADS count. Apply ordinary split once, independently from Yahoo ADS events. Ratio/event source: https://www.adrbny.com/content/dam/adr/documents/corporate-actions-dr/files/ad961127.pdf"
169,US,historical_30_user_fixed,historical_top_30_INCOMPLETE_REVIEW_ONLY,daily,28,ORCL,ORACLE CORP,Technology,2021-10-04,2021-03-31,245724177610.61858788587000,,USER_CONFIRMED_FROZEN_NO_RESELECTION,2026-10-03T12:57:28Z,https://data.sec.gov/api/xbrl/companyconcept/CIK0001341439/dei/EntityCommonStockSharesOutstanding.json,https://www.pwc.es/es/auditoria/assets/pwc-global-top-100-companies-2021.pdf,Membership is fixed by explicit user choice. Do not automatically replace members after later rank corrections or data-quality findings. This preserves an earlier provisional computable-subset selection; it is not a certified full-US-market Top30. Source notes: Uses latest selected pre-cutoff public share observation and Yahoo Close restored with vendor split factors; stale-share and vendor/corporate-action biases remain; no dividend Adj Close used.
170,US,historical_30_user_fixed,historical_top_30_INCOMPLETE_REVIEW_ONLY,daily,29,PFE,PFIZER INC,Health Care,2021-10-04,2021-03-31,240695132834.10549225921768,,USER_CONFIRMED_FROZEN_NO_RESELECTION,2026-10-03T12:57:28Z,https://data.sec.gov/api/xbrl/companyconcept/CIK0000078003/dei/EntityCommonStockSharesOutstanding.json,https://www.pwc.es/es/auditoria/assets/pwc-global-top-100-companies-2021.pdf,Membership is fixed by explicit user choice. Do not automatically replace members after later rank corrections or data-quality findings. This preserves an earlier provisional computable-subset selection; it is not a certified full-US-market Top30. Source notes: Uses latest selected pre-cutoff public share observation and Yahoo Close restored with vendor split factors; stale-share and vendor/corporate-action biases remain; no dividend Adj Close used.
171,US,historical_30_user_fixed,historical_top_30_INCOMPLETE_REVIEW_ONLY,daily,,PYPL,"PayPal Holdings, Inc.",Digital payments / financial services,2021-10-04,2021-03-31,310972251325.6729419734600,,USER_CONFIRMED_FROZEN_NO_RESELECTION,2026-10-03T13:07:06Z,https://www.sec.gov/Archives/edgar/data/1633917/000163391721000149/pypl-20210630.htm,https://www.sec.gov/Archives/edgar/data/1633917/000163391721000149/0001633917-21-000149-index.html,"Explicitly approved one-for-one US daily exception: replace NKE with PYPL. All other members and their order remain unchanged. This is a user-fixed historical candidate basket, not a certified full-US-market Top30. The replacement occupies the prior display position but is not assigned a newly recomputed market-cap rank. Source: 1,175,032,150 shares as of 2021-07-23, SEC filing publicly dated 2021-07-29; historical price date 2021-10-01. Stale-share and historical coverage/estimation limitations remain."
172,US,historical_30_user_fixed,historical_top_30_INCOMPLETE_REVIEW_ONLY,5m,1,NVDA,NVIDIA Corporation,Information Technology,2026-08-04,2026-03-31,5000687985229.49224800000000,,USER_CONFIRMED_FROZEN_NO_RESELECTION,2026-10-03T12:57:28Z,https://data.sec.gov/api/xbrl/companyconcept/CIK0001045810/dei/EntityCommonStockSharesOutstanding.json,https://www.pwc.co.uk/audit/assets/pdf/global-100/companies/global-top-100-companies-2026.pdf,Membership is fixed by explicit user choice. Do not automatically replace members after later rank corrections or data-quality findings. This preserves an earlier provisional computable-subset selection; it is not a certified full-US-market Top30. Earlier-July maximum available 5m data precedes this list's original selection reference. Selection/look-ahead bias is retained deliberately; do not claim point-in-time stock selection. Source notes: Uses latest selected pre-cutoff public share observation and Yahoo Close restored with vendor split factors; stale-share and vendor/corporate-action biases remain; no dividend Adj Close used.
173,US,historical_30_user_fixed,historical_top_30_INCOMPLETE_REVIEW_ONLY,5m,2,GOOGL,Alphabet Inc,Communication Services,2026-08-04,2026-03-31,4562279292205.8104087000000,,USER_CONFIRMED_FROZEN_NO_RESELECTION,2026-10-03T12:57:28Z,https://www.sec.gov/Archives/edgar/data/1652044/000165204426000071/goog-20260630.htm,https://www.pwc.co.uk/audit/assets/pdf/global-100/companies/global-top-100-companies-2026.pdf,"Membership is fixed by explicit user choice. Do not automatically replace members after later rank corrections or data-quality findings. This preserves an earlier provisional computable-subset selection; it is not a certified full-US-market Top30. Earlier-July maximum available 5m data precedes this list's original selection reference. Selection/look-ahead bias is retained deliberately; do not claim point-in-time stock selection. Source notes: Unlisted economically equivalent classes use the disclosed listed-class price proxy. Uses the latest eligible 10-Q or 10-K, published before formation, not formation-day observed outstanding shares. Buybacks, issuance and class conversion after the disclosed dates are not reconstructed. Options, RSUs, convertibles and preferred stock are not added to core common-equity valuation. 2026 Alphabet cover counts are rounded to millions; other cover counts are whole-share counts. Visa rates are rounded to4decimals."
174,US,historical_30_user_fixed,historical_top_30_INCOMPLETE_REVIEW_ONLY,5m,3,AAPL,Apple Inc.,Information Technology,2026-08-04,2026-03-31,4428166291566.7728257920000,,USER_CONFIRMED_FROZEN_NO_RESELECTION,2026-10-03T12:57:28Z,https://data.sec.gov/api/xbrl/companyconcept/CIK0000320193/dei/EntityCommonStockSharesOutstanding.json,https://www.pwc.co.uk/audit/assets/pdf/global-100/companies/global-top-100-companies-2026.pdf,Membership is fixed by explicit user choice. Do not automatically replace members after later rank corrections or data-quality findings. This preserves an earlier provisional computable-subset selection; it is not a certified full-US-market Top30. Earlier-July maximum available 5m data precedes this list's original selection reference. Selection/look-ahead bias is retained deliberately; do not claim point-in-time stock selection. Source notes: Uses latest selected pre-cutoff public share observation and Yahoo Close restored with vendor split factors; stale-share and vendor/corporate-action biases remain; no dividend Adj Close used.
175,US,historical_30_user_fixed,historical_top_30_INCOMPLETE_REVIEW_ONLY,5m,4,MSFT,Microsoft Corporation,Information Technology,2026-08-04,2026-03-31,3621067213364.2172571718404,,USER_CONFIRMED_FROZEN_NO_RESELECTION,2026-10-03T12:57:28Z,https://data.sec.gov/api/xbrl/companyconcept/CIK0000789019/dei/EntityCommonStockSharesOutstanding.json,https://www.pwc.co.uk/audit/assets/pdf/global-100/companies/global-top-100-companies-2026.pdf,Membership is fixed by explicit user choice. Do not automatically replace members after later rank corrections or data-quality findings. This preserves an earlier provisional computable-subset selection; it is not a certified full-US-market Top30. Earlier-July maximum available 5m data precedes this list's original selection reference. Selection/look-ahead bias is retained deliberately; do not claim point-in-time stock selection. Source notes: Uses latest selected pre-cutoff public share observation and Yahoo Close restored with vendor split factors; stale-share and vendor/corporate-action biases remain; no dividend Adj Close used.
176,US,historical_30_user_fixed,historical_top_30_INCOMPLETE_REVIEW_ONLY,5m,5,AMZN,"Amazon.com, Inc.",Consumer Discretionary,2026-08-04,2026-03-31,3063528662217.4601085250268,,USER_CONFIRMED_FROZEN_NO_RESELECTION,2026-10-03T12:57:28Z,https://data.sec.gov/api/xbrl/companyconcept/CIK0001018724/dei/EntityCommonStockSharesOutstanding.json,https://www.pwc.co.uk/audit/assets/pdf/global-100/companies/global-top-100-companies-2026.pdf,Membership is fixed by explicit user choice. Do not automatically replace members after later rank corrections or data-quality findings. This preserves an earlier provisional computable-subset selection; it is not a certified full-US-market Top30. Earlier-July maximum available 5m data precedes this list's original selection reference. Selection/look-ahead bias is retained deliberately; do not claim point-in-time stock selection. Source notes: Uses latest selected pre-cutoff public share observation and Yahoo Close restored with vendor split factors; stale-share and vendor/corporate-action biases remain; no dividend Adj Close used.
177,US,historical_30_user_fixed,historical_top_30_INCOMPLETE_REVIEW_ONLY,5m,6,TSM,Taiwan Semiconductor Manufacturing Company Limited,Information Technology,2026-08-04,2026-03-31,2106291430670.46906738281250,,USER_CONFIRMED_FROZEN_NO_RESELECTION,2026-10-03T12:57:28Z,https://data.sec.gov/api/xbrl/companyconcept/CIK0001046179/dei/EntityCommonStockSharesOutstanding.json,https://www.pwc.co.uk/audit/assets/pdf/global-100/companies/global-top-100-companies-2026.pdf,Membership is fixed by explicit user choice. Do not automatically replace members after later rank corrections or data-quality findings. This preserves an earlier provisional computable-subset selection; it is not a certified full-US-market Top30. Earlier-July maximum available 5m data precedes this list's original selection reference. Selection/look-ahead bias is retained deliberately; do not claim point-in-time stock selection. Source notes: Multiply quote_equivalent_shares_at_price by historical as-traded quote at price_date; do NOT apply observation-to-price splits again; restore split-adjusted Yahoo quote separately Stale publicly known SEC instant shares; not claimed exact daily shares or latest among all untagged filings. Ratio/event source: https://www.sec.gov/Archives/edgar/data/1046179/000162828026025362/exhibit21.htm
178,US,historical_30_user_fixed,historical_top_30_INCOMPLETE_REVIEW_ONLY,5m,7,AVGO,Broadcom Inc,Information Technology,2026-08-04,2026-03-31,1866065733329.8770172909638,,USER_CONFIRMED_FROZEN_NO_RESELECTION,2026-10-03T12:57:28Z,https://data.sec.gov/api/xbrl/companyconcept/CIK0001730168/dei/EntityCommonStockSharesOutstanding.json,https://www.pwc.co.uk/audit/assets/pdf/global-100/companies/global-top-100-companies-2026.pdf,Membership is fixed by explicit user choice. Do not automatically replace members after later rank corrections or data-quality findings. This preserves an earlier provisional computable-subset selection; it is not a certified full-US-market Top30. Earlier-July maximum available 5m data precedes this list's original selection reference. Selection/look-ahead bias is retained deliberately; do not claim point-in-time stock selection. Source notes: Uses latest selected pre-cutoff public share observation and Yahoo Close restored with vendor split factors; stale-share and vendor/corporate-action biases remain; no dividend Adj Close used.
179,US,historical_30_user_fixed,historical_top_30_INCOMPLETE_REVIEW_ONLY,5m,8,SPCX,Space Exploration Technologies Corp.,Aerospace / space technology,2026-08-04,,1508839655158.16846186703024,,USER_CONFIRMED_FROZEN_NO_RESELECTION,2026-10-03T12:57:28Z,https://www.sec.gov/Archives/edgar/data/1181412/000162828026042639/spaceexplorationtechnologi.htm,,"Membership is fixed by explicit user choice. Do not automatically replace members after later rank corrections or data-quality findings. This preserves an earlier provisional computable-subset selection; it is not a certified full-US-market Top30. Earlier-July maximum available 5m data precedes this list's original selection reference. Selection/look-ahead bias is retained deliberately; do not claim point-in-time stock selection. Source notes: Company-wide issued ordinary common shares; Class A plus Class B valued at Class A price; issued restricted shares included; unissued RSUs/options/authorized-only shares excluded 6932508000 + 5602790410 + 638888888 = 13174187298 May 1 base plus publicly confirmed IPO issue does not reconstruct ordinary employee-plan issuances/repurchases between May 1 and cutoff. Prospectus p19 uses older March31 base and therefore gives a different projection. Prefer newer p248 for this estimate. Restricted Class B already issued/outstanding is included, even though vesting conditions remain. Q2 10-Q 0001628280-26-052535 accepted 2026-08-04T20:05:48Z; July28 cover shares became public after formation and are forbidden."
180,US,historical_30_user_fixed,historical_top_30_INCOMPLETE_REVIEW_ONLY,5m,9,META,"Meta Platforms, Inc.",Communication Services,2026-08-04,2026-03-31,1503640049366.009521484375,,USER_CONFIRMED_FROZEN_NO_RESELECTION,2026-10-03T12:57:28Z,https://www.sec.gov/Archives/edgar/data/1326801/000162828026050705/meta-20260630.htm,https://www.pwc.co.uk/audit/assets/pdf/global-100/companies/global-top-100-companies-2026.pdf,"Membership is fixed by explicit user choice. Do not automatically replace members after later rank corrections or data-quality findings. This preserves an earlier provisional computable-subset selection; it is not a certified full-US-market Top30. Earlier-July maximum available 5m data precedes this list's original selection reference. Selection/look-ahead bias is retained deliberately; do not claim point-in-time stock selection. Source notes: Unlisted economically equivalent classes use the disclosed listed-class price proxy. Uses the latest eligible 10-Q or 10-K, published before formation, not formation-day observed outstanding shares. Buybacks, issuance and class conversion after the disclosed dates are not reconstructed. Options, RSUs, convertibles and preferred stock are not added to core common-equity valuation. 2026 Alphabet cover counts are rounded to millions; other cover counts are whole-share counts. Visa rates are rounded to4decimals."
181,US,historical_30_user_fixed,historical_top_30_INCOMPLETE_REVIEW_ONLY,5m,10,TSLA,"Tesla, Inc.",Consumer Discretionary,2026-08-04,2026-03-31,1272070171626.0465931558464,,USER_CONFIRMED_FROZEN_NO_RESELECTION,2026-10-03T12:57:28Z,https://data.sec.gov/api/xbrl/companyconcept/CIK0001318605/dei/EntityCommonStockSharesOutstanding.json,https://www.pwc.co.uk/audit/assets/pdf/global-100/companies/global-top-100-companies-2026.pdf,Membership is fixed by explicit user choice. Do not automatically replace members after later rank corrections or data-quality findings. This preserves an earlier provisional computable-subset selection; it is not a certified full-US-market Top30. Earlier-July maximum available 5m data precedes this list's original selection reference. Selection/look-ahead bias is retained deliberately; do not claim point-in-time stock selection. Source notes: Uses latest selected pre-cutoff public share observation and Yahoo Close restored with vendor split factors; stale-share and vendor/corporate-action biases remain; no dividend Adj Close used.
182,US,historical_30_user_fixed,historical_top_30_INCOMPLETE_REVIEW_ONLY,5m,11,BRK-B,Berkshire Hathaway Inc,Financials,2026-08-04,2026-03-31,1106029855248.8172607421875,,USER_CONFIRMED_FROZEN_NO_RESELECTION,2026-10-03T12:57:28Z,https://www.sec.gov/Archives/edgar/data/1067983/000119312526202243/brka-20260331.htm,https://www.pwc.co.uk/audit/assets/pdf/global-100/companies/global-top-100-companies-2026.pdf,"Membership is fixed by explicit user choice. Do not automatically replace members after later rank corrections or data-quality findings. This preserves an earlier provisional computable-subset selection; it is not a certified full-US-market Top30. Earlier-July maximum available 5m data precedes this list's original selection reference. Selection/look-ahead bias is retained deliberately; do not claim point-in-time stock selection. Source notes: Berkshire A and B use their separate actual historical class quotes; no B-price equivalent proxy needed. Uses the latest eligible 10-Q or 10-K, published before formation, not formation-day observed outstanding shares. Buybacks, issuance and class conversion after the disclosed dates are not reconstructed. Options, RSUs, convertibles and preferred stock are not added to core common-equity valuation. 2026 Alphabet cover counts are rounded to millions; other cover counts are whole-share counts. Visa rates are rounded to4decimals."
183,US,historical_30_user_fixed,historical_top_30_INCOMPLETE_REVIEW_ONLY,5m,12,LLY,Eli Lilly and Company,Health Care,2026-08-04,2026-03-31,1056031129237.1198730468750,,USER_CONFIRMED_FROZEN_NO_RESELECTION,2026-10-03T12:57:28Z,https://data.sec.gov/api/xbrl/companyconcept/CIK0000059478/dei/EntityCommonStockSharesOutstanding.json,https://www.pwc.co.uk/audit/assets/pdf/global-100/companies/global-top-100-companies-2026.pdf,Membership is fixed by explicit user choice. Do not automatically replace members after later rank corrections or data-quality findings. This preserves an earlier provisional computable-subset selection; it is not a certified full-US-market Top30. Earlier-July maximum available 5m data precedes this list's original selection reference. Selection/look-ahead bias is retained deliberately; do not claim point-in-time stock selection. Source notes: Uses latest selected pre-cutoff public share observation and Yahoo Close restored with vendor split factors; stale-share and vendor/corporate-action biases remain; no dividend Adj Close used.
184,US,historical_30_user_fixed,historical_top_30_INCOMPLETE_REVIEW_ONLY,5m,13,JPM,JPMorgan Chase & Co,Financials,2026-08-04,2026-03-31,944902945694.1755371093750,,USER_CONFIRMED_FROZEN_NO_RESELECTION,2026-10-03T12:57:28Z,https://data.sec.gov/api/xbrl/companyconcept/CIK0000019617/dei/EntityCommonStockSharesOutstanding.json,https://www.pwc.co.uk/audit/assets/pdf/global-100/companies/global-top-100-companies-2026.pdf,Membership is fixed by explicit user choice. Do not automatically replace members after later rank corrections or data-quality findings. This preserves an earlier provisional computable-subset selection; it is not a certified full-US-market Top30. Earlier-July maximum available 5m data precedes this list's original selection reference. Selection/look-ahead bias is retained deliberately; do not claim point-in-time stock selection. Source notes: Uses latest selected pre-cutoff public share observation and Yahoo Close restored with vendor split factors; stale-share and vendor/corporate-action biases remain; no dividend Adj Close used.
185,US,historical_30_user_fixed,historical_top_30_INCOMPLETE_REVIEW_ONLY,5m,14,MU,"Micron Technology, Inc.",Information Technology,2026-08-04,2026-03-31,936831618754.5,,USER_CONFIRMED_FROZEN_NO_RESELECTION,2026-10-03T12:57:28Z,https://data.sec.gov/api/xbrl/companyconcept/CIK0000723125/dei/EntityCommonStockSharesOutstanding.json,https://www.pwc.co.uk/audit/assets/pdf/global-100/companies/global-top-100-companies-2026.pdf,Membership is fixed by explicit user choice. Do not automatically replace members after later rank corrections or data-quality findings. This preserves an earlier provisional computable-subset selection; it is not a certified full-US-market Top30. Earlier-July maximum available 5m data precedes this list's original selection reference. Selection/look-ahead bias is retained deliberately; do not claim point-in-time stock selection. Source notes: Uses latest selected pre-cutoff public share observation and Yahoo Close restored with vendor split factors; stale-share and vendor/corporate-action biases remain; no dividend Adj Close used.
186,US,historical_30_user_fixed,historical_top_30_INCOMPLETE_REVIEW_ONLY,5m,15,WMT,Walmart Inc.,Consumer Staples,2026-08-04,2026-03-31,881038935964.21095971340230,,USER_CONFIRMED_FROZEN_NO_RESELECTION,2026-10-03T12:57:28Z,https://data.sec.gov/api/xbrl/companyconcept/CIK0000104169/dei/EntityCommonStockSharesOutstanding.json,https://www.pwc.co.uk/audit/assets/pdf/global-100/companies/global-top-100-companies-2026.pdf,Membership is fixed by explicit user choice. Do not automatically replace members after later rank corrections or data-quality findings. This preserves an earlier provisional computable-subset selection; it is not a certified full-US-market Top30. Earlier-July maximum available 5m data precedes this list's original selection reference. Selection/look-ahead bias is retained deliberately; do not claim point-in-time stock selection. Source notes: Uses latest selected pre-cutoff public share observation and Yahoo Close restored with vendor split factors; stale-share and vendor/corporate-action biases remain; no dividend Adj Close used.
187,US,historical_30_user_fixed,historical_top_30_INCOMPLETE_REVIEW_ONLY,5m,16,AMD,"Advanced Micro Devices, Inc.",Information Technology,2026-08-04,2026-03-31,790254317570.7115478515625,,USER_CONFIRMED_FROZEN_NO_RESELECTION,2026-10-03T12:57:28Z,https://data.sec.gov/api/xbrl/companyconcept/CIK0000002488/dei/EntityCommonStockSharesOutstanding.json,https://www.pwc.co.uk/audit/assets/pdf/global-100/companies/global-top-100-companies-2026.pdf,Membership is fixed by explicit user choice. Do not automatically replace members after later rank corrections or data-quality findings. This preserves an earlier provisional computable-subset selection; it is not a certified full-US-market Top30. Earlier-July maximum available 5m data precedes this list's original selection reference. Selection/look-ahead bias is retained deliberately; do not claim point-in-time stock selection. Source notes: Uses latest selected pre-cutoff public share observation and Yahoo Close restored with vendor split factors; stale-share and vendor/corporate-action biases remain; no dividend Adj Close used.
188,US,historical_30_user_fixed,historical_top_30_INCOMPLETE_REVIEW_ONLY,5m,17,V,Visa Inc.,Financials,2026-08-04,2026-03-31,682723196462.1475762019383242,,USER_CONFIRMED_FROZEN_NO_RESELECTION,2026-10-03T12:57:28Z,https://www.sec.gov/Archives/edgar/data/1403161/000140316126000104/v-20260630.htm,https://www.pwc.co.uk/audit/assets/pdf/global-100/companies/global-top-100-companies-2026.pdf,"Membership is fixed by explicit user choice. Do not automatically replace members after later rank corrections or data-quality findings. This preserves an earlier provisional computable-subset selection; it is not a certified full-US-market Top30. Earlier-July maximum available 5m data precedes this list's original selection reference. Selection/look-ahead bias is retained deliberately; do not claim point-in-time stock selection. Source notes: Unlisted economically equivalent classes use the disclosed listed-class price proxy. Uses the latest eligible 10-Q or 10-K, published before formation, not formation-day observed outstanding shares. Buybacks, issuance and class conversion after the disclosed dates are not reconstructed. Options, RSUs, convertibles and preferred stock are not added to core common-equity valuation. 2026 Alphabet cover counts are rounded to millions; other cover counts are whole-share counts. Visa rates are rounded to4decimals."
189,US,historical_30_user_fixed,historical_top_30_INCOMPLETE_REVIEW_ONLY,5m,18,XOM,Exxon Mobil Corporation,Energy,2026-08-04,2026-03-31,637593058478.75244140625000,,USER_CONFIRMED_FROZEN_NO_RESELECTION,2026-10-03T12:57:28Z,https://data.sec.gov/api/xbrl/companyconcept/CIK0002115436/dei/EntityCommonStockSharesOutstanding.json,https://www.pwc.co.uk/audit/assets/pdf/global-100/companies/global-top-100-companies-2026.pdf,Membership is fixed by explicit user choice. Do not automatically replace members after later rank corrections or data-quality findings. This preserves an earlier provisional computable-subset selection; it is not a certified full-US-market Top30. Earlier-July maximum available 5m data precedes this list's original selection reference. Selection/look-ahead bias is retained deliberately; do not claim point-in-time stock selection. Source notes: Uses latest selected pre-cutoff public share observation and Yahoo Close restored with vendor split factors; stale-share and vendor/corporate-action biases remain; no dividend Adj Close used.
190,US,historical_30_user_fixed,historical_top_30_INCOMPLETE_REVIEW_ONLY,5m,19,ASML,ASML Holding N.V.,Information Technology,2026-08-04,2026-03-31,633056230643.48876953125,,USER_CONFIRMED_FROZEN_NO_RESELECTION,2026-10-03T12:57:28Z,https://data.sec.gov/api/xbrl/companyconcept/CIK0000937966/dei/EntityCommonStockSharesOutstanding.json,https://www.pwc.co.uk/audit/assets/pdf/global-100/companies/global-top-100-companies-2026.pdf,"Membership is fixed by explicit user choice. Do not automatically replace members after later rank corrections or data-quality findings. This preserves an earlier provisional computable-subset selection; it is not a certified full-US-market Top30. Earlier-July maximum available 5m data precedes this list's original selection reference. Selection/look-ahead bias is retained deliberately; do not claim point-in-time stock selection. Source notes: Multiply quote_equivalent_shares_at_price by historical as-traded quote at price_date; do NOT apply observation-to-price splits again; restore split-adjusted Yahoo quote separately Stale publicly known SEC instant shares; not claimed exact daily shares or latest among all untagged filings. Nasdaq registered ordinary shares, not ADS; one quote unit equals one ordinary share. Ratio/event source: https://www.asml.com/en/investors/shares"
191,US,historical_30_user_fixed,historical_top_30_INCOMPLETE_REVIEW_ONLY,5m,20,JNJ,Johnson & Johnson,Health Care,2026-08-04,2026-03-31,613102310888.08225692253986,,USER_CONFIRMED_FROZEN_NO_RESELECTION,2026-10-03T12:57:28Z,https://data.sec.gov/api/xbrl/companyconcept/CIK0000200406/dei/EntityCommonStockSharesOutstanding.json,https://www.pwc.co.uk/audit/assets/pdf/global-100/companies/global-top-100-companies-2026.pdf,Membership is fixed by explicit user choice. Do not automatically replace members after later rank corrections or data-quality findings. This preserves an earlier provisional computable-subset selection; it is not a certified full-US-market Top30. Earlier-July maximum available 5m data precedes this list's original selection reference. Selection/look-ahead bias is retained deliberately; do not claim point-in-time stock selection. Source notes: Uses latest selected pre-cutoff public share observation and Yahoo Close restored with vendor split factors; stale-share and vendor/corporate-action biases remain; no dividend Adj Close used.
192,US,historical_30_user_fixed,historical_top_30_INCOMPLETE_REVIEW_ONLY,5m,21,MA,Mastercard Incorporated,Financials,2026-08-04,2026-03-31,500175369777.446289062500,,USER_CONFIRMED_FROZEN_NO_RESELECTION,2026-10-03T12:57:28Z,https://www.sec.gov/Archives/edgar/data/1141391/000114139126000083/ma-20260630.htm,https://www.pwc.co.uk/audit/assets/pdf/global-100/companies/global-top-100-companies-2026.pdf,"Membership is fixed by explicit user choice. Do not automatically replace members after later rank corrections or data-quality findings. This preserves an earlier provisional computable-subset selection; it is not a certified full-US-market Top30. Earlier-July maximum available 5m data precedes this list's original selection reference. Selection/look-ahead bias is retained deliberately; do not claim point-in-time stock selection. Source notes: Unlisted economically equivalent classes use the disclosed listed-class price proxy. Uses the latest eligible 10-Q or 10-K, published before formation, not formation-day observed outstanding shares. Buybacks, issuance and class conversion after the disclosed dates are not reconstructed. Options, RSUs, convertibles and preferred stock are not added to core common-equity valuation. 2026 Alphabet cover counts are rounded to millions; other cover counts are whole-share counts. Visa rates are rounded to4decimals."
193,US,historical_30_user_fixed,historical_top_30_INCOMPLETE_REVIEW_ONLY,5m,22,INTC,Intel Corporation,Information Technology,2026-08-04,2026-03-31,459004000000.0,,USER_CONFIRMED_FROZEN_NO_RESELECTION,2026-10-03T12:57:28Z,https://data.sec.gov/api/xbrl/companyconcept/CIK0000050863/dei/EntityCommonStockSharesOutstanding.json,https://www.pwc.co.uk/audit/assets/pdf/global-100/companies/global-top-100-companies-2026.pdf,Membership is fixed by explicit user choice. Do not automatically replace members after later rank corrections or data-quality findings. This preserves an earlier provisional computable-subset selection; it is not a certified full-US-market Top30. Earlier-July maximum available 5m data precedes this list's original selection reference. Selection/look-ahead bias is retained deliberately; do not claim point-in-time stock selection. Source notes: Uses latest selected pre-cutoff public share observation and Yahoo Close restored with vendor split factors; stale-share and vendor/corporate-action biases remain; no dividend Adj Close used.
194,US,historical_30_user_fixed,historical_top_30_INCOMPLETE_REVIEW_ONLY,5m,23,CSCO,"Cisco Systems, Inc.",Information Technology,2026-08-04,2026-03-31,456654622692.56079642082740,,USER_CONFIRMED_FROZEN_NO_RESELECTION,2026-10-03T12:57:28Z,https://data.sec.gov/api/xbrl/companyconcept/CIK0000858877/dei/EntityCommonStockSharesOutstanding.json,https://www.pwc.co.uk/audit/assets/pdf/global-100/companies/global-top-100-companies-2026.pdf,Membership is fixed by explicit user choice. Do not automatically replace members after later rank corrections or data-quality findings. This preserves an earlier provisional computable-subset selection; it is not a certified full-US-market Top30. Earlier-July maximum available 5m data precedes this list's original selection reference. Selection/look-ahead bias is retained deliberately; do not claim point-in-time stock selection. Source notes: Uses latest selected pre-cutoff public share observation and Yahoo Close restored with vendor split factors; stale-share and vendor/corporate-action biases remain; no dividend Adj Close used.
195,US,historical_30_user_fixed,historical_top_30_INCOMPLETE_REVIEW_ONLY,5m,24,BAC,Bank of America Corporation,Financials,2026-08-04,2026-03-31,436906914644.17384505110045,,USER_CONFIRMED_FROZEN_NO_RESELECTION,2026-10-03T12:57:28Z,https://data.sec.gov/api/xbrl/companyconcept/CIK0000070858/dei/EntityCommonStockSharesOutstanding.json,https://www.pwc.co.uk/audit/assets/pdf/global-100/companies/global-top-100-companies-2026.pdf,Membership is fixed by explicit user choice. Do not automatically replace members after later rank corrections or data-quality findings. This preserves an earlier provisional computable-subset selection; it is not a certified full-US-market Top30. Earlier-July maximum available 5m data precedes this list's original selection reference. Selection/look-ahead bias is retained deliberately; do not claim point-in-time stock selection. Source notes: Uses latest selected pre-cutoff public share observation and Yahoo Close restored with vendor split factors; stale-share and vendor/corporate-action biases remain; no dividend Adj Close used.
196,US,historical_30_user_fixed,historical_top_30_INCOMPLETE_REVIEW_ONLY,5m,25,ABBV,AbbVie Inc.,Health Care,2026-08-04,2026-03-31,433120457339.12795136949170,,USER_CONFIRMED_FROZEN_NO_RESELECTION,2026-10-03T12:57:28Z,https://data.sec.gov/api/xbrl/companyconcept/CIK0001551152/dei/EntityCommonStockSharesOutstanding.json,https://www.pwc.co.uk/audit/assets/pdf/global-100/companies/global-top-100-companies-2026.pdf,Membership is fixed by explicit user choice. Do not automatically replace members after later rank corrections or data-quality findings. This preserves an earlier provisional computable-subset selection; it is not a certified full-US-market Top30. Earlier-July maximum available 5m data precedes this list's original selection reference. Selection/look-ahead bias is retained deliberately; do not claim point-in-time stock selection. Source notes: Uses latest selected pre-cutoff public share observation and Yahoo Close restored with vendor split factors; stale-share and vendor/corporate-action biases remain; no dividend Adj Close used.
197,US,historical_30_user_fixed,historical_top_30_INCOMPLETE_REVIEW_ONLY,5m,26,COST,Costco Wholesale Corporation,Consumer Staples,2026-08-04,2026-03-31,423114264899.3034889708152,,USER_CONFIRMED_FROZEN_NO_RESELECTION,2026-10-03T12:57:28Z,https://data.sec.gov/api/xbrl/companyconcept/CIK0000909832/dei/EntityCommonStockSharesOutstanding.json,https://www.pwc.co.uk/audit/assets/pdf/global-100/companies/global-top-100-companies-2026.pdf,Membership is fixed by explicit user choice. Do not automatically replace members after later rank corrections or data-quality findings. This preserves an earlier provisional computable-subset selection; it is not a certified full-US-market Top30. Earlier-July maximum available 5m data precedes this list's original selection reference. Selection/look-ahead bias is retained deliberately; do not claim point-in-time stock selection. Source notes: Uses latest selected pre-cutoff public share observation and Yahoo Close restored with vendor split factors; stale-share and vendor/corporate-action biases remain; no dividend Adj Close used.
198,US,historical_30_user_fixed,historical_top_30_INCOMPLETE_REVIEW_ONLY,5m,27,AMAT,"Applied Materials, Inc.",Information Technology,2026-08-04,2026-03-31,411437733665.6975921379660,,USER_CONFIRMED_FROZEN_NO_RESELECTION,2026-10-03T12:57:28Z,https://data.sec.gov/api/xbrl/companyconcept/CIK0000006951/dei/EntityCommonStockSharesOutstanding.json,https://www.pwc.co.uk/audit/assets/pdf/global-100/companies/global-top-100-companies-2026.pdf,Membership is fixed by explicit user choice. Do not automatically replace members after later rank corrections or data-quality findings. This preserves an earlier provisional computable-subset selection; it is not a certified full-US-market Top30. Earlier-July maximum available 5m data precedes this list's original selection reference. Selection/look-ahead bias is retained deliberately; do not claim point-in-time stock selection. Source notes: Uses latest selected pre-cutoff public share observation and Yahoo Close restored with vendor split factors; stale-share and vendor/corporate-action biases remain; no dividend Adj Close used.
199,US,historical_30_user_fixed,historical_top_30_INCOMPLETE_REVIEW_ONLY,5m,28,ORCL,Oracle Corporation,Information Technology,2026-08-04,2026-03-31,408594828930.99974145702000,,USER_CONFIRMED_FROZEN_NO_RESELECTION,2026-10-03T12:57:28Z,https://data.sec.gov/api/xbrl/companyconcept/CIK0001341439/dei/EntityCommonStockSharesOutstanding.json,https://www.pwc.co.uk/audit/assets/pdf/global-100/companies/global-top-100-companies-2026.pdf,Membership is fixed by explicit user choice. Do not automatically replace members after later rank corrections or data-quality findings. This preserves an earlier provisional computable-subset selection; it is not a certified full-US-market Top30. Earlier-July maximum available 5m data precedes this list's original selection reference. Selection/look-ahead bias is retained deliberately; do not claim point-in-time stock selection. Source notes: Uses latest selected pre-cutoff public share observation and Yahoo Close restored with vendor split factors; stale-share and vendor/corporate-action biases remain; no dividend Adj Close used.
200,US,historical_30_user_fixed,historical_top_30_INCOMPLETE_REVIEW_ONLY,5m,29,CVX,Chevron Corporation,Energy,2026-08-04,2026-03-31,384736835280.86254882812500,,USER_CONFIRMED_FROZEN_NO_RESELECTION,2026-10-03T12:57:28Z,https://data.sec.gov/api/xbrl/companyconcept/CIK0000093410/dei/EntityCommonStockSharesOutstanding.json,https://www.pwc.co.uk/audit/assets/pdf/global-100/companies/global-top-100-companies-2026.pdf,Membership is fixed by explicit user choice. Do not automatically replace members after later rank corrections or data-quality findings. This preserves an earlier provisional computable-subset selection; it is not a certified full-US-market Top30. Earlier-July maximum available 5m data precedes this list's original selection reference. Selection/look-ahead bias is retained deliberately; do not claim point-in-time stock selection. Source notes: Uses latest selected pre-cutoff public share observation and Yahoo Close restored with vendor split factors; stale-share and vendor/corporate-action biases remain; no dividend Adj Close used.
201,US,historical_30_user_fixed,historical_top_30_INCOMPLETE_REVIEW_ONLY,5m,30,GE,General Electric Company,Industrials,2026-08-04,2026-03-31,382787930321.75518798828125,,USER_CONFIRMED_FROZEN_NO_RESELECTION,2026-10-03T12:57:28Z,https://data.sec.gov/api/xbrl/companyconcept/CIK0000040545/dei/EntityCommonStockSharesOutstanding.json,https://www.pwc.co.uk/audit/assets/pdf/global-100/companies/global-top-100-companies-2026.pdf,Membership is fixed by explicit user choice. Do not automatically replace members after later rank corrections or data-quality findings. This preserves an earlier provisional computable-subset selection; it is not a certified full-US-market Top30. Earlier-July maximum available 5m data precedes this list's original selection reference. Selection/look-ahead bias is retained deliberately; do not claim point-in-time stock selection. Source notes: Uses latest selected pre-cutoff public share observation and Yahoo Close restored with vendor split factors; stale-share and vendor/corporate-action biases remain; no dividend Adj Close used.
